frame,id,3d_x,3d_y,3d_z
1.0,2,4.96,9.66,1.47
1.0,3,2.52,3.28,2.88
2.0,2,4.85,9.52,1.41
2.0,3,2.43,3.17,2.79
3.0,2,4.78,9.37,1.34
3.0,3,2.34,3.1,2.71
4.0,2,4.74,9.22,1.28
4.0,3,2.27,3.02,2.63
5.0,2,4.69,9.05,1.23
5.0,3,2.21,2.94,2.58
6.0,2,4.65,8.89,1.19
6.0,3,2.12,2.86,2.5
7.0,2,4.6,8.74,1.16
7.0,3,2.04,2.79,2.43
8.0,2,4.55,8.59,1.11
8.0,3,1.97,2.73,2.37
9.0,2,4.5,8.44,1.07
9.0,3,1.92,2.68,2.31
10.0,2,4.44,8.32,1.06
10.0,3,1.84,2.6,2.24
11.0,2,4.35,8.19,1.04
11.0,3,1.78,2.54,2.2
12.0,2,4.25,8.1,1.03
12.0,3,1.73,2.48,2.15
13.0,2,4.18,7.97,1.0
13.0,3,1.67,2.43,2.1
14.0,2,4.15,7.82,0.96
14.0,3,1.62,2.37,2.05
15.0,2,4.13,7.62,0.9
15.0,3,1.57,2.31,1.99
16.0,2,4.08,7.44,0.84
16.0,3,1.52,2.27,1.94
17.0,2,3.99,7.25,0.8
17.0,3,1.47,2.22,1.9
18.0,2,3.88,7.1,0.75
18.0,3,1.42,2.18,1.86
19.0,2,3.78,6.95,0.72
19.0,3,1.37,2.13,1.83
20.0,2,3.69,6.77,0.69
20.0,3,1.32,2.09,1.79
21.0,2,3.6,6.59,0.66
21.0,3,1.29,2.03,1.75
22.0,2,3.55,6.4,0.65
22.0,3,1.24,1.99,1.71
23.0,2,3.48,6.25,0.61
23.0,3,1.19,2.01,1.61
24.0,2,3.42,6.12,0.58
24.0,3,1.13,2.14,1.52
25.0,2,3.35,5.96,0.57
25.0,3,1.14,2.41,1.4
26.0,2,3.29,5.82,0.53
26.0,3,1.67,2.44,1.92
27.0,2,3.22,5.68,0.5
27.0,3,1.75,2.66,1.9
28.0,2,3.18,5.53,0.5
28.0,3,1.49,3.07,1.26
29.0,2,3.18,5.53,0.5
29.0,3,1.55,3.22,1.2
30.0,2,2.8666666666666667,5.32,0.6733333333333333
30.0,3,1.61,3.36,1.14
31.0,2,2.5533333333333337,5.11,0.8466666666666667
31.0,3,1.64,3.5,1.1
32.0,2,2.24,4.9,1.02
32.0,3,1.65,3.64,1.02
33.0,2,2.24,4.9,1.02
33.0,3,1.71,5.0,0.56
34.0,2,2.19,4.79,0.97
34.0,3,1.7025,4.83,0.6175
35.0,2,2.14,4.71,0.89
35.0,3,1.6949999999999998,4.66,0.675
36.0,2,2.52,4.7,0.41
36.0,3,1.6875,4.49,0.7325
37.0,2,2.48,4.65,0.38
37.0,3,1.68,4.32,0.79
38.0,2,2.21,4.33,1.23
38.0,3,1.6724999999999999,4.15,0.8475
39.0,2,2.36,4.49,0.39
39.0,3,1.665,3.9800000000000004,0.905
40.0,2,2.15,4.63,0.35
40.0,3,1.6575,3.8100000000000005,0.9625
41.0,2,1.94,4.26,0.7
41.0,3,1.65,3.64,1.02
42.0,2,2.28,3.98,0.38
42.0,3,1.71,5.0,0.56
43.0,2,2.11,4.12,0.54
43.0,3,1.65,5.22,0.52
44.0,2,1.94,4.26,0.7
44.0,3,1.61,5.42,0.49
45.0,2,2.28,3.98,0.38
45.0,3,1.61,5.42,0.49
46.0,2,1.94,3.77,0.96
46.0,3,1.6075000000000002,5.695,0.4925
47.0,2,2.18,3.78,0.4
47.0,3,1.605,5.97,0.495
48.0,2,2.16,3.71,0.44
48.0,3,1.6025,6.244999999999999,0.4975
49.0,2,2.13,3.65,0.44
49.0,3,1.6,6.52,0.5
50.0,2,2.11,3.61,0.44
50.0,3,1.6,6.52,0.5
51.0,2,2.09,3.56,0.44
51.0,3,1.6,6.52,0.5
52.0,2,2.05,3.49,0.44
52.0,3,1.6083333333333334,6.699999999999999,0.505
53.0,2,2.04,3.44,0.43
53.0,3,1.6166666666666667,6.88,0.51
54.0,2,2.0,3.39,0.44
54.0,3,1.625,7.06,0.515
55.0,2,1.97,3.33,0.46
55.0,3,1.6333333333333333,7.239999999999999,0.52
56.0,2,1.95,3.28,0.46
56.0,3,1.6416666666666666,7.42,0.525
57.0,2,1.92,3.23,0.47
57.0,3,1.65,7.6,0.53
58.0,2,1.9,3.17,0.48
58.0,3,1.65,7.6,0.53
59.0,2,1.89,3.12,0.49
59.0,3,1.56,7.73,0.48
60.0,2,1.89,3.08,0.47
60.0,3,1.57,7.82,0.48
61.0,2,1.87,3.04,0.49
61.0,3,1.58,7.93,0.5
62.0,2,1.84,2.99,0.49
62.0,3,1.58,8.04,0.48
63.0,2,1.84,2.96,0.5
63.0,3,1.57,8.12,0.47
64.0,2,1.82,2.91,0.51
64.0,3,1.55,8.23,0.44
65.0,2,1.8,2.87,0.51
65.0,3,1.52,8.32,0.43
66.0,2,1.8,2.83,0.52
66.0,3,1.53,8.41,0.43
67.0,2,1.8,2.78,0.52
67.0,3,1.52,8.49,0.43
68.0,2,1.78,2.74,0.53
68.0,3,1.53,8.57,0.43
69.0,2,1.77,2.71,0.54
69.0,3,1.52,8.66,0.43
70.0,2,1.72,2.69,0.54
70.0,3,1.51,8.75,0.43
71.0,2,1.6,2.78,0.56
71.0,3,1.51,8.81,0.43
72.0,2,1.53,2.99,0.59
72.0,3,1.5,8.89,0.43
73.0,2,1.55,3.24,0.59
73.0,3,1.5,8.97,0.42
74.0,2,1.57,3.45,0.61
74.0,3,1.49,9.04,0.43
75.0,2,1.6,3.63,0.6
75.0,3,1.49,9.1,0.43
76.0,2,1.64,3.76,0.59
76.0,3,1.47,9.17,0.42
77.0,2,1.68,3.88,0.59
77.0,3,1.47,9.24,0.43
78.0,2,1.71,4.07,0.59
78.0,3,1.75,9.21,0.61
79.0,2,1.71,4.07,0.59
79.0,3,1.75,9.21,0.61
80.0,2,1.71,4.07,0.59
80.0,3,1.96,9.37,0.71
81.0,2,1.48,4.2,0.8599999999999999
81.0,3,2.08,9.51,0.79
82.0,2,1.25,4.33,1.13
82.0,3,2.17,9.71,0.89
83.0,2,1.25,4.33,1.13
83.0,3,2.17,9.71,0.89
84.0,2,1.25,4.33,1.13
84.0,3,2.34,10.13,1.02
85.0,2,1.346,4.53,1.22
85.0,3,2.41,10.29,1.09
86.0,2,1.4420000000000002,4.73,1.31
86.0,3,2.51,10.46,1.15
87.0,2,1.5379999999999998,4.93,1.4
87.0,3,2.58,10.61,1.2
88.0,2,1.634,5.13,1.49
88.0,3,2.64,10.75,1.26
89.0,2,1.73,5.33,1.58
89.0,3,2.71,10.91,1.31
90.0,2,1.73,5.33,1.58
90.0,3,2.71,10.91,1.31
91.0,2,1.79,5.49,1.62
91.0,3,2.77,11.018666666666666,1.3446666666666667
92.0,2,1.85,5.62,1.66
92.0,3,2.8299999999999996,11.127333333333333,1.3793333333333333
93.0,2,1.92,5.76,1.71
93.0,3,2.89,11.236,1.4140000000000001
94.0,2,1.98,5.91,1.74
94.0,3,2.95,11.344666666666667,1.4486666666666668
95.0,2,2.02,6.12,1.77
95.0,3,3.01,11.453333333333333,1.4833333333333334
96.0,2,2.04,6.34,1.79
96.0,3,3.07,11.562,1.518
97.0,2,2.1,6.56,1.82
97.0,3,3.13,11.670666666666666,1.5526666666666666
98.0,2,2.18,6.77,1.84
98.0,3,3.19,11.779333333333334,1.5873333333333335
99.0,2,2.28,6.97,1.89
99.0,3,3.25,11.888,1.622
100.0,2,2.36,7.19,1.91
100.0,3,3.31,11.996666666666666,1.6566666666666667
101.0,2,2.43,7.4,1.93
101.0,3,3.37,12.105333333333332,1.6913333333333334
102.0,2,2.49,7.6,1.95
102.0,3,3.4299999999999997,12.213999999999999,1.726
103.0,2,2.55,7.82,1.96
103.0,3,3.49,12.322666666666667,1.7606666666666668
104.0,2,2.62,8.0,1.98
104.0,3,3.55,12.431333333333331,1.7953333333333332
105.0,2,2.72,8.19,2.0
105.0,3,3.61,12.54,1.83
106.0,2,4.09,10.0,1.54
106.0,3,3.61,12.54,1.83
107.0,2,3.8942857142857146,9.741428571428571,1.6057142857142856
107.0,3,3.82,12.44,1.9
108.0,2,3.6985714285714284,9.482857142857142,1.6714285714285715
108.0,3,4.05,12.23,2.0
109.0,2,3.502857142857143,9.224285714285715,1.737142857142857
109.0,3,4.18,11.98,2.07
110.0,2,3.307142857142857,8.965714285714284,1.802857142857143
110.0,3,4.27,11.81,2.13
111.0,2,3.1114285714285717,8.707142857142857,1.8685714285714285
111.0,3,4.42,11.7,2.22
112.0,2,2.9157142857142864,8.448571428571428,1.9342857142857142
112.0,3,4.59,11.61,2.3
113.0,2,2.72,8.19,2.0
113.0,3,4.78,11.54,2.39
114.0,2,4.09,10.0,1.54
114.0,3,4.96,11.47,2.46
115.0,2,4.18,10.19,1.58
115.0,3,5.14,11.39,2.51
116.0,2,4.26,10.37,1.63
116.0,3,5.3,11.32,2.58
117.0,2,4.33,10.54,1.68
117.0,3,5.44,11.23,2.63
118.0,2,4.39,10.7,1.73
118.0,3,5.57,11.15,2.68
119.0,2,4.46,10.87,1.77
119.0,3,5.71,11.07,2.74
120.0,2,4.52,11.02,1.81
120.0,3,5.83,10.99,2.78
121.0,2,4.59,11.17,1.84
121.0,3,5.95,10.92,2.82
122.0,2,4.65,11.31,1.86
122.0,3,6.05,10.84,2.86
123.0,2,4.71,11.46,1.88
123.0,3,6.18,10.76,2.9
124.0,2,4.77,11.6,1.86
124.0,3,6.2,10.66,2.96
125.0,2,4.84,11.76,1.84
125.0,3,6.14,10.48,3.05
126.0,2,4.88,11.86,1.82
126.0,3,6.13,10.35,3.17
127.0,2,4.93,11.95,1.81
127.0,3,6.2,10.25,3.26
128.0,2,4.98,12.05,1.81
128.0,3,6.39,10.11,3.39
129.0,2,5.03,12.14,1.81
129.0,3,6.6,9.94,3.55
130.0,2,5.1,12.24,1.84
130.0,3,6.75,9.78,3.68
131.0,2,5.15,12.33,1.86
131.0,3,6.88,9.61,3.78
132.0,2,5.21,12.43,1.88
132.0,3,7.01,9.43,3.89
133.0,2,5.25,12.53,1.91
133.0,3,7.12,9.25,3.98
134.0,2,5.29,12.62,1.93
134.0,3,7.22,9.08,4.09
135.0,2,5.33,12.72,1.96
135.0,3,7.34,8.91,4.18
136.0,2,5.35,12.81,2.0
136.0,3,7.43,8.76,4.28
137.0,2,5.38,12.9,2.02
137.0,3,7.5,8.63,4.33
138.0,2,5.42,13.0,2.03
138.0,3,7.58,8.47,4.43
139.0,2,5.45,13.09,2.06
139.0,3,7.52,8.33,4.63
140.0,2,5.48,13.17,2.07
140.0,3,7.39,8.19,4.74
141.0,2,5.53,13.24,2.1
141.0,3,7.35,8.05,4.9
142.0,2,5.65,13.26,2.15
142.0,3,7.39,7.88,5.04
143.0,2,5.85,13.18,2.25
143.0,3,7.46,7.67,5.21
144.0,2,5.99,13.04,2.37
144.0,3,7.49,7.44,5.38
145.0,2,6.1,12.92,2.46
145.0,3,7.51,7.21,5.59
146.0,2,6.18,12.87,2.56
146.0,3,7.5,7.0,5.74
147.0,2,6.28,12.87,2.66
147.0,3,7.49,6.82,5.85
148.0,2,6.4,12.9,2.75
148.0,3,7.47,6.64,5.99
149.0,2,6.55,12.92,2.88
149.0,3,7.46,6.44,6.11
150.0,2,6.68,12.9,2.98
150.0,3,7.45,6.26,6.26
151.0,2,6.79,12.81,3.07
151.0,3,7.44,6.09,6.36
152.0,2,6.77,12.64,3.09
152.0,3,7.43,5.93,6.44
153.0,2,6.71,12.42,3.17
153.0,3,7.42,5.78,6.53
154.0,2,6.73,12.29,3.24
154.0,3,7.42,5.63,6.62
155.0,2,6.82,12.12,3.39
155.0,3,7.42,5.48,6.7
156.0,2,6.93,11.98,3.5
156.0,3,7.42,5.36,6.76
157.0,2,7.06,11.82,3.61
157.0,3,7.41,5.23,6.85
158.0,2,7.15,11.66,3.71
158.0,3,7.4,5.09,6.93
159.0,2,7.22,11.48,3.84
159.0,3,7.39,4.97,6.99
160.0,2,7.27,11.28,3.94
160.0,3,7.38,4.86,7.04
161.0,2,7.32,11.09,4.07
161.0,3,7.37,4.73,7.11
162.0,2,7.37,10.94,4.15
162.0,3,7.36,4.61,7.15
163.0,2,7.48,10.79,4.27
163.0,3,7.35,4.51,7.21
164.0,2,7.58,10.64,4.38
164.0,3,7.34,4.4,7.25
165.0,2,7.62,10.47,4.47
165.0,3,7.32,4.31,7.25
166.0,2,7.6,10.24,4.56
166.0,3,7.38,4.31,6.83
167.0,2,7.51,10.05,4.5
167.0,3,7.36,4.19,6.99
168.0,2,7.44,9.88,4.3
168.0,3,7.35,4.1,7.01
169.0,2,7.52,9.57,4.8
169.0,3,7.27,3.89,7.47
170.0,2,7.56,9.33,4.99
170.0,3,7.25,3.81,7.47
171.0,2,7.59,9.1,5.11
171.0,3,7.1,3.75,7.32
172.0,2,7.59,8.89,5.18
172.0,3,6.86,3.78,7.04
173.0,2,7.59,8.89,5.18
173.0,3,6.73,3.75,6.86
174.0,2,7.585384615384616,8.682307692307694,5.273846153846153
174.0,3,6.62,3.68,6.68
175.0,2,7.5807692307692305,8.474615384615387,5.367692307692307
175.0,3,6.53,3.51,6.52
176.0,2,7.576153846153846,8.266923076923076,5.461538461538462
176.0,3,6.43,3.34,6.36
177.0,2,7.571538461538461,8.05923076923077,5.555384615384615
177.0,3,6.33,3.17,6.21
178.0,2,7.566923076923077,7.851538461538462,5.649230769230769
178.0,3,6.22,3.04,6.07
179.0,2,7.562307692307693,7.643846153846155,5.743076923076923
179.0,3,6.08,2.89,5.95
180.0,2,7.5576923076923075,7.436153846153846,5.836923076923077
180.0,3,5.97,2.78,5.82
181.0,2,7.553076923076923,7.228461538461539,5.930769230769231
181.0,3,5.86,2.68,5.7
182.0,2,7.548461538461539,7.020769230769231,6.024615384615385
182.0,3,5.76,2.57,5.59
183.0,2,7.543846153846154,6.813076923076924,6.118461538461538
183.0,3,5.68,2.46,5.48
184.0,2,7.53923076923077,6.605384615384615,6.212307692307693
184.0,3,5.58,2.36,5.35
185.0,2,7.5346153846153845,6.397692307692307,6.306153846153847
185.0,3,5.5,2.26,5.29
186.0,2,7.53,6.19,6.4
186.0,3,5.43,2.18,5.19
187.0,2,7.53,6.19,6.4
187.0,3,5.36,2.09,5.1
188.0,2,7.54,6.05,6.49
188.0,3,5.41,1.99,4.95
189.0,2,7.51,5.89,6.56
189.0,3,5.53,1.88,4.79
190.0,2,7.51,5.81,6.4
190.0,3,5.53,1.81,4.6
191.0,2,7.4,5.68,6.48
191.0,3,5.46,1.72,4.38
192.0,2,7.31,5.55,6.58
192.0,3,5.36,1.58,4.16
193.0,2,7.23,5.46,6.54
193.0,3,5.28,1.45,3.96
194.0,2,7.15,5.36,6.5
194.0,3,5.2,1.29,3.79
195.0,2,7.13,5.22,6.5
195.0,3,5.13,1.15,3.63
196.0,2,7.11,5.07,6.48
196.0,3,5.08,1.01,3.49
197.0,2,7.07,4.9,6.46
197.0,3,5.03,0.9,3.31
198.0,2,7.06,4.74,6.49
198.0,3,4.97,0.77,3.19
199.0,2,7.02,4.57,6.47
199.0,3,4.93,0.65,3.03
200.0,2,6.94,4.45,6.41
200.0,3,4.85,0.54,2.93
201.0,2,6.85,4.36,6.34
201.0,3,4.81,0.45,2.79
202.0,2,6.75,4.27,6.27
202.0,3,4.8,0.33,2.67
203.0,2,6.7,4.19,6.17
203.0,3,4.77,0.25,2.54
204.0,2,6.67,4.06,6.09
204.0,3,4.74,0.17,2.45
205.0,2,6.67,3.92,5.99
205.0,3,4.69,0.08,2.35
206.0,2,6.67,3.76,5.9
206.0,3,4.54,0.12,2.25
207.0,2,6.65,3.6,5.82
207.0,3,4.36,0.25,2.16
208.0,2,6.6,3.45,5.76
208.0,3,4.2,0.39,2.03
209.0,2,6.53,3.33,5.67
209.0,3,4.09,0.52,1.95
210.0,2,6.44,3.21,5.59
210.0,3,3.95,0.61,1.84
211.0,2,6.37,3.07,5.53
211.0,3,3.84,0.66,1.74
212.0,2,6.31,2.92,5.45
212.0,3,3.71,0.69,1.65
213.0,2,6.28,2.82,5.37
213.0,3,3.58,0.71,1.57
214.0,2,6.23,2.7,5.29
214.0,3,3.45,0.71,1.51
215.0,2,6.19,2.56,5.23
215.0,3,3.32,0.72,1.43
216.0,2,6.16,2.42,5.18
216.0,3,3.2,0.74,1.38
217.0,2,6.12,2.28,5.13
217.0,3,3.09,0.8,1.36
218.0,2,6.09,2.17,5.08
218.0,3,2.98,0.9,1.32
219.0,2,6.05,2.08,5.01
219.0,3,2.86,0.96,1.29
220.0,2,6.03,1.98,4.96
220.0,3,2.73,1.0,1.27
221.0,2,5.96,1.9,4.87
221.0,3,2.6,1.04,1.24
222.0,2,5.85,1.87,4.77
222.0,3,2.49,1.06,1.22
223.0,2,5.74,1.89,4.64
223.0,3,2.4,1.09,1.2
224.0,2,5.67,1.88,4.54
224.0,3,2.28,1.1,1.18
225.0,2,5.6,1.85,4.44
225.0,3,2.17,1.12,1.18
226.0,2,5.53,1.8,4.3
226.0,3,2.08,1.13,1.17
227.0,2,5.47,1.76,4.2
227.0,3,1.99,1.13,1.18
228.0,2,5.41,1.69,4.11
228.0,3,1.9,1.14,1.18
229.0,2,5.36,1.64,4.01
229.0,3,1.81,1.14,1.18
230.0,2,5.29,1.58,3.93
230.0,3,1.74,1.14,1.18
231.0,2,5.24,1.53,3.83
231.0,3,1.66,1.15,1.17
232.0,2,5.17,1.48,3.74
232.0,3,1.58,1.15,1.17
233.0,2,5.12,1.42,3.67
233.0,3,1.51,1.16,1.16
234.0,2,5.06,1.37,3.62
234.0,3,1.44,1.15,1.17
235.0,2,5.01,1.33,3.54
235.0,3,1.4,1.17,1.14
236.0,2,4.97,1.29,3.47
236.0,3,1.32,1.17,1.15
237.0,2,4.93,1.24,3.42
237.0,3,1.27,1.16,1.15
238.0,2,4.89,1.19,3.37
238.0,3,1.21,1.16,1.15
239.0,2,4.84,1.15,3.3
239.0,3,1.16,1.16,1.15
240.0,2,4.81,1.11,3.25
240.0,3,1.12,1.22,1.11
241.0,2,4.77,1.08,3.18
241.0,3,1.18,1.47,1.05
242.0,2,4.72,1.04,3.13
242.0,3,1.34,1.75,0.99
243.0,2,4.68,1.0,3.08
243.0,3,1.5,1.98,0.99
244.0,2,4.64,0.94,3.04
244.0,3,1.58,2.18,0.95
245.0,2,4.61,0.91,2.99
245.0,3,1.61,2.34,0.96
246.0,2,4.58,0.87,2.96
246.0,3,1.64,2.52,0.93
247.0,2,4.55,0.84,2.92
247.0,3,1.65,2.68,0.9
248.0,2,4.51,0.8,2.89
248.0,3,1.66,2.85,0.86
249.0,2,4.48,0.77,2.85
249.0,3,1.64,2.99,0.83
250.0,2,4.44,0.74,2.81
250.0,3,1.63,3.16,0.8
251.0,2,4.41,0.69,2.79
251.0,3,1.63,3.31,0.79
252.0,2,4.38,0.66,2.75
252.0,3,1.63,3.48,0.77
253.0,2,4.36,0.64,2.71
253.0,3,1.66,3.63,0.81
254.0,2,4.33,0.6,2.69
254.0,3,1.71,3.79,0.8
255.0,2,4.3,0.57,2.67
255.0,3,1.72,3.96,0.78
256.0,2,4.27,0.55,2.64
256.0,3,1.71,4.15,0.74
257.0,2,4.24,0.53,2.6
257.0,3,1.69,4.33,0.72
258.0,2,4.15,0.61,2.54
258.0,3,1.68,4.51,0.71
259.0,2,4.12,0.82,2.47
259.0,3,1.71,4.68,0.7
260.0,2,4.14,1.06,2.39
260.0,3,1.74,4.87,0.71
261.0,2,4.2,1.3,2.35
261.0,3,1.78,5.04,0.7
262.0,2,4.23,1.47,2.3
262.0,3,1.77,5.22,0.68
263.0,2,4.25,1.62,2.25
263.0,3,1.74,5.43,0.66
264.0,2,4.23,1.73,2.23
264.0,3,1.72,5.62,0.64
265.0,2,4.18,1.88,2.15
265.0,3,1.71,5.8,0.63
266.0,2,4.12,2.01,2.1
266.0,3,1.71,5.99,0.63
267.0,2,4.06,2.13,2.03
267.0,3,1.72,6.17,0.63
268.0,2,4.02,2.26,1.97
268.0,3,1.72,6.34,0.61
269.0,2,3.99,2.37,1.92
269.0,3,1.72,6.51,0.61
270.0,2,3.98,2.49,1.88
270.0,3,1.71,6.68,0.6
271.0,2,4.03,2.62,1.86
271.0,3,1.71,6.83,0.59
272.0,2,4.05,2.76,1.82
272.0,3,1.69,6.98,0.57
273.0,2,4.01,2.91,1.77
273.0,3,1.68,7.12,0.56
274.0,2,3.94,3.06,1.66
274.0,3,1.67,7.26,0.55
275.0,2,3.87,3.21,1.58
275.0,3,1.65,7.39,0.55
276.0,2,3.8,3.38,1.52
276.0,3,1.62,7.51,0.53
277.0,2,3.75,3.55,1.46
277.0,3,1.6,7.63,0.52
278.0,2,3.71,3.72,1.42
278.0,3,1.58,7.75,0.51
279.0,2,3.67,3.86,1.36
279.0,3,1.55,7.86,0.5
280.0,2,3.65,4.02,1.31
280.0,3,1.54,7.97,0.49
281.0,2,3.62,4.17,1.26
281.0,3,1.52,8.07,0.48
282.0,2,3.57,4.31,1.24
282.0,3,1.5,8.18,0.47
283.0,2,3.55,4.45,1.18
283.0,3,1.48,8.27,0.47
284.0,2,3.5,4.58,1.16
284.0,3,1.45,8.37,0.46
285.0,2,3.44,4.71,1.11
285.0,3,1.45,8.45,0.45
286.0,2,3.4,4.84,1.05
286.0,3,1.43,8.54,0.45
287.0,2,3.35,4.95,1.02
287.0,3,1.41,8.64,0.44
288.0,2,3.32,5.06,0.99
288.0,3,1.41,8.72,0.44
289.0,2,3.28,5.17,0.97
289.0,3,1.38,8.8,0.44
290.0,2,3.25,5.27,0.93
290.0,3,1.36,8.88,0.43
291.0,2,3.2,5.37,0.92
291.0,3,1.35,8.96,0.43
292.0,2,3.17,5.47,0.88
292.0,3,1.33,9.03,0.42
293.0,2,3.13,5.57,0.85
293.0,3,1.31,9.11,0.42
294.0,2,3.11,5.67,0.84
294.0,3,1.32,9.17,0.41
295.0,2,3.07,5.75,0.82
295.0,3,1.42,9.23,0.45
296.0,2,3.03,5.84,0.8
296.0,3,1.37,7.85,0.55
297.0,2,3.01,5.93,0.78
297.0,3,1.98,9.15,0.55
298.0,2,2.95,6.01,0.76
298.0,3,2.19,8.94,0.6
299.0,2,2.92,6.1,0.75
299.0,3,2.99,8.65,0.59
300.0,2,2.86,6.18,0.74
300.0,3,2.59,8.795,0.595
301.0,2,2.85,6.26,0.72
301.0,3,2.19,8.94,0.6
302.0,2,2.47,7.31,0.57
302.0,3,2.99,8.65,0.59
303.0,2,2.499230769230769,7.229230769230769,0.5815384615384614
303.0,3,3.22,8.64,0.64
304.0,2,2.5284615384615385,7.148461538461538,0.5930769230769231
304.0,3,3.41,8.61,0.68
305.0,2,2.557692307692308,7.067692307692307,0.6046153846153846
305.0,3,3.58,8.57,0.71
306.0,2,2.5869230769230773,6.986923076923076,0.6161538461538462
306.0,3,3.74,8.53,0.71
307.0,2,2.6161538461538463,6.906153846153845,0.6276923076923077
307.0,3,3.9,8.5,0.72
308.0,2,2.6453846153846152,6.825384615384615,0.6392307692307692
308.0,3,4.1,8.46,0.74
309.0,2,2.674615384615385,6.7446153846153845,0.6507692307692308
309.0,3,4.24,8.41,0.77
310.0,2,2.703846153846154,6.663846153846153,0.6623076923076923
310.0,3,4.4,8.39,0.78
311.0,2,2.733076923076923,6.5830769230769235,0.6738461538461538
311.0,3,4.54,8.36,0.8
312.0,2,2.7623076923076924,6.502307692307692,0.6853846153846154
312.0,3,4.67,8.34,0.81
313.0,2,2.7915384615384617,6.421538461538462,0.6969230769230769
313.0,3,4.81,8.27,0.82
314.0,2,2.820769230769231,6.34076923076923,0.7084615384615385
314.0,3,4.9,8.1,0.84
315.0,2,2.85,6.26,0.72
315.0,3,4.9,7.87,0.88
316.0,2,2.47,7.31,0.57
316.0,3,4.97,7.71,0.91
317.0,2,2.45,7.37,0.55
317.0,3,5.11,7.56,0.93
318.0,2,2.47,7.45,0.55
318.0,3,5.35,7.4,0.94
319.0,2,2.47,7.5,0.53
319.0,3,5.53,7.25,0.96
320.0,2,2.46,7.57,0.52
320.0,3,5.67,7.07,0.99
321.0,2,2.45,7.63,0.52
321.0,3,5.85,6.92,0.99
322.0,2,2.45,7.7,0.5
322.0,3,5.97,6.75,1.0
323.0,2,2.45,7.76,0.51
323.0,3,6.08,6.58,1.02
324.0,2,2.44,7.83,0.5
324.0,3,6.2,6.42,1.03
325.0,2,2.45,7.88,0.51
325.0,3,6.27,6.27,1.05
326.0,2,2.43,7.95,0.48
326.0,3,6.4,6.13,1.07
327.0,2,2.42,8.01,0.5
327.0,3,6.52,5.98,1.08
328.0,2,2.44,8.07,0.5
328.0,3,6.6,5.85,1.09
329.0,2,2.46,8.12,0.51
329.0,3,6.69,5.71,1.1
330.0,2,2.44,8.2,0.5
330.0,3,6.74,5.58,1.13
331.0,2,2.44,8.24,0.51
331.0,3,6.87,5.46,1.14
332.0,2,2.46,8.3,0.51
332.0,3,6.94,5.35,1.13
333.0,2,2.42,8.36,0.52
333.0,3,7.02,5.22,1.15
334.0,2,2.42,8.41,0.52
334.0,3,7.09,5.13,1.16
335.0,2,2.44,8.45,0.53
335.0,3,7.15,5.01,1.17
336.0,2,2.41,8.5,0.55
336.0,3,7.21,4.91,1.18
337.0,2,2.4,8.54,0.55
337.0,3,7.29,4.8,1.2
338.0,2,2.42,8.59,0.57
338.0,3,7.32,4.72,1.2
339.0,2,2.43,8.64,0.57
339.0,3,7.4,4.63,1.19
340.0,2,2.51,8.7,0.61
340.0,3,7.46,4.54,1.19
341.0,2,2.64,8.75,0.67
341.0,3,7.53,4.44,1.21
342.0,2,2.85,8.74,0.74
342.0,3,7.59,4.34,1.2
343.0,2,3.05,8.69,0.74
343.0,3,7.62,4.26,1.21
344.0,2,3.24,8.67,0.76
344.0,3,7.66,4.17,1.2
345.0,2,3.38,8.66,0.77
345.0,3,7.56,4.03,1.22
346.0,2,3.51,8.66,0.8
346.0,3,7.21,3.85,1.36
347.0,2,3.61,8.69,0.83
347.0,3,7.24,3.71,1.18
348.0,2,3.77,8.74,0.83
348.0,3,7.14,3.57,1.13
349.0,2,3.86,8.76,0.85
349.0,3,7.1,3.48,1.0
350.0,2,3.98,8.79,0.83
350.0,3,7.05,3.34,0.93
351.0,2,4.09,8.81,0.86
351.0,3,6.99,3.21,0.88
352.0,2,4.17,8.84,0.87
352.0,3,6.95,3.05,0.84
353.0,2,4.28,8.87,0.88
353.0,3,6.92,2.88,0.86
354.0,2,4.38,8.89,0.89
354.0,3,6.88,2.74,0.84
355.0,2,4.46,8.92,0.9
355.0,3,6.82,2.61,0.78
356.0,2,4.55,8.95,0.89
356.0,3,6.78,2.5,0.76
357.0,2,4.63,8.94,0.92
357.0,3,6.73,2.37,0.74
358.0,2,4.69,8.83,0.93
358.0,3,6.7,2.26,0.71
359.0,2,4.75,8.65,0.92
359.0,3,6.66,2.14,0.69
360.0,2,4.85,8.54,0.89
360.0,3,6.62,2.05,0.68
361.0,2,4.96,8.48,0.91
361.0,3,6.59,1.94,0.68
362.0,2,5.13,8.42,0.89
362.0,3,6.54,1.84,0.66
363.0,2,5.26,8.38,0.92
363.0,3,6.5,1.74,0.65
364.0,2,5.41,8.36,0.9
364.0,3,6.47,1.65,0.65
365.0,2,5.57,8.31,0.91
365.0,3,6.44,1.57,0.63
366.0,2,5.68,8.27,0.92
366.0,3,6.44,1.47,0.62
367.0,2,5.83,8.23,0.9
367.0,3,6.39,1.39,0.61
368.0,2,5.97,8.18,0.89
368.0,3,6.36,1.3,0.59
369.0,2,6.09,8.14,0.9
369.0,3,6.36,1.3,0.59
370.0,2,6.22,8.09,0.91
370.0,3,6.343333333333334,1.2099999999999997,0.6066666666666667
371.0,2,6.35,8.06,0.9
371.0,3,6.326666666666666,1.12,0.6233333333333333
372.0,2,6.42,8.01,0.95
372.0,3,6.31,1.03,0.64
373.0,2,6.63,7.94,0.93
373.0,3,6.31,1.03,0.64
374.0,2,6.63,7.94,0.93
374.0,3,6.31,1.03,0.64
375.0,2,6.79,7.9,0.93
375.0,3,6.553333333333333,0.9866666666666667,0.94
376.0,2,6.83,7.86,0.99
376.0,3,6.796666666666667,0.9433333333333334,1.24
377.0,2,6.83,7.82,1.04
377.0,3,7.04,0.9,1.54
378.0,2,7.32,6.93,1.03
378.0,3,7.04,0.9,1.54
379.0,2,7.222,7.108,1.032
379.0,3,7.13,0.86,1.67
380.0,2,7.1240000000000006,7.286,1.034
380.0,3,7.22,0.82,1.77
381.0,2,7.026,7.464,1.036
381.0,3,7.29,0.76,1.85
382.0,2,6.928,7.642,1.038
382.0,3,7.35,0.7,1.91
383.0,2,6.83,7.82,1.04
383.0,3,7.45,0.65,1.97
384.0,2,7.32,6.93,1.03
384.0,3,7.45,0.65,1.97
385.0,2,7.44,6.78,1.04
385.0,3,7.55,0.5700000000000001,2.065
386.0,2,7.48,6.63,1.08
386.0,3,7.65,0.48999999999999994,2.16
387.0,2,7.54,6.51,1.06
387.0,3,7.75,0.41000000000000014,2.255
388.0,2,7.6,6.36,1.06
388.0,3,7.85,0.33,2.35
389.0,2,7.68,6.23,1.04
389.0,3,7.85,0.33,2.35
390.0,2,7.75,6.1,1.03
390.0,3,7.87,0.3,2.35
391.0,2,7.84,5.99,1.02
391.0,3,7.95,0.25,2.4
392.0,2,8.01,5.91,1.02
392.0,3,8.01,0.23,2.43
393.0,2,8.17,5.85,1.02
393.0,3,8.04,0.2,2.48
394.0,2,8.26,5.71,1.07
394.0,3,8.09,0.17,2.52
395.0,2,8.34,5.51,1.06
395.0,3,8.16,0.14,2.54
396.0,2,8.38,5.23,1.05
396.0,3,8.21,0.13,2.56
397.0,2,8.44,4.64,2.37
397.0,3,8.23,0.63,1.17
398.0,2,8.49,4.8,1.03
398.0,3,8.31,0.07,2.65
399.0,2,8.57,4.55,1.06
399.0,3,8.35,0.05,2.68
400.0,2,8.64,4.34,1.06
400.0,3,8.49,0.08,2.76
401.0,2,8.66,4.13,1.09
401.0,3,8.59,0.18,2.81
402.0,2,8.71,3.95,1.09
402.0,3,8.74,0.24,2.88
403.0,2,8.76,3.73,1.1
403.0,3,8.86,0.24,2.96
404.0,2,8.76,3.51,1.1
404.0,3,9.0,0.2,3.07
405.0,2,8.83,3.34,1.08
405.0,3,9.13,0.15,3.17
406.0,2,8.85,3.15,1.11
406.0,3,9.27,0.12,3.23
407.0,2,8.91,2.99,1.08
407.0,3,9.41,0.08,3.31
408.0,2,8.91,2.83,1.07
408.0,3,9.53,0.04,3.36
409.0,2,8.93,2.67,1.07
409.0,3,9.65,0.01,3.44
410.0,2,9.43,0.82,1.18
410.0,3,9.26,1.8,3.31
411.0,2,9.51,0.81,1.18
411.0,3,9.29,1.63,3.33
412.0,2,8.97,2.21,1.09
412.0,3,9.29,1.63,3.33
413.0,2,8.99,2.06,1.1
413.0,3,9.48625,1.42625,3.4125
414.0,2,8.98,1.93,1.12
414.0,3,9.6825,1.2225,3.495
415.0,2,9.02,1.79,1.1
415.0,3,9.87875,1.0187499999999998,3.5775
416.0,2,9.05,1.68,1.09
416.0,3,10.075,0.815,3.66
417.0,2,9.04,1.55,1.11
417.0,3,10.27125,0.6112500000000001,3.7425
418.0,2,9.06,1.44,1.1
418.0,3,10.4675,0.4075,3.825
419.0,2,9.08,1.34,1.07
419.0,3,10.66375,0.2037500000000001,3.9075
420.0,2,9.08,1.24,1.1
420.0,3,10.86,0.0,3.99
421.0,2,9.1,1.1,1.09
421.0,3,10.86,0.0,3.99
422.0,2,9.11,1.0,1.09
422.0,3,10.96,0.14,4.06
423.0,2,9.12,0.89,1.13
423.0,3,11.11,0.21,4.13
424.0,2,9.14,0.79,1.11
424.0,3,11.26,0.22,4.22
425.0,2,9.15,0.7,1.1
425.0,3,11.42,0.22,4.28
426.0,2,9.16,0.61,1.13
426.0,3,11.57,0.22,4.36
427.0,2,9.19,0.52,1.13
427.0,3,11.75,0.23,4.43
428.0,2,9.19,0.43,1.14
428.0,3,11.89,0.23,4.49
429.0,2,9.21,0.34,1.15
429.0,3,12.01,0.25,4.53
430.0,2,9.22,0.26,1.14
430.0,3,12.12,0.25,4.57
431.0,2,9.22,0.17,1.18
431.0,3,12.24,0.25,4.63
432.0,2,9.23,0.11,1.15
432.0,3,12.36,0.26,4.67
433.0,2,9.24,0.03,1.18
433.0,3,12.46,0.26,4.71
434.0,2,9.24,0.03,1.18
434.0,3,12.58,0.27,4.75
435.0,2,9.272,0.028000000000000008,1.2029999999999998
435.0,3,12.67,0.28,4.78
436.0,2,9.304,0.025999999999999995,1.226
436.0,3,12.77,0.28,4.82
437.0,2,9.336,0.024000000000000004,1.2489999999999999
437.0,3,12.84,0.29,4.85
438.0,2,9.368,0.021999999999999992,1.272
438.0,3,12.95,0.3,4.88
439.0,2,9.4,0.02,1.295
439.0,3,13.03,0.31,4.9
440.0,2,9.432,0.017999999999999988,1.318
440.0,3,13.14,0.31,4.94
441.0,2,9.464,0.015999999999999997,1.341
441.0,3,13.23,0.31,4.96
442.0,2,9.496,0.014000000000000005,1.3639999999999999
442.0,3,13.31,0.32,4.98
443.0,2,9.528,0.011999999999999993,1.387
443.0,3,13.38,0.32,5.0
444.0,2,9.56,0.01,1.41
444.0,3,13.46,0.33,5.02
445.0,2,9.56,0.01,1.41
445.0,3,13.52,0.33,5.04
446.0,2,9.74,0.09,1.5
446.0,3,13.59,0.33,5.04
447.0,2,9.87,0.2,1.57
447.0,3,13.67,0.33,5.06
448.0,2,9.97,0.26,1.64
448.0,3,13.73,0.34,5.08
449.0,2,10.06,0.29,1.73
449.0,3,13.78,0.51,5.05
450.0,2,10.15,0.31,1.79
450.0,3,13.87,0.67,5.01
451.0,2,10.22,0.31,1.85
451.0,3,14.11,0.72,4.99
452.0,2,10.31,0.3,1.9
452.0,3,14.36,0.74,4.95
453.0,2,10.4,0.29,1.94
453.0,3,14.6,0.76,4.93
454.0,2,10.48,0.27,1.98
454.0,3,14.84,0.81,4.91
455.0,2,10.55,0.26,2.03
455.0,3,15.05,0.87,4.88
456.0,2,10.64,0.25,2.07
456.0,3,15.23,0.93,4.87
457.0,2,10.71,0.22,2.13
457.0,3,15.43,0.98,4.82
458.0,2,10.78,0.22,2.16
458.0,3,15.61,1.02,4.8
459.0,2,10.84,0.2,2.2
459.0,3,15.77,1.06,4.78
460.0,2,10.91,0.19,2.23
460.0,3,15.93,1.1,4.75
461.0,2,10.96,0.17,2.26
461.0,3,16.1,1.14,4.72
462.0,2,11.03,0.16,2.3
462.0,3,16.22,1.17,4.7
463.0,2,11.08,0.15,2.33
463.0,3,16.36,1.2,4.67
464.0,2,11.15,0.2,2.36
464.0,3,16.5,1.22,4.64
465.0,2,11.24,0.3,2.41
465.0,3,16.63,1.25,4.62
466.0,2,11.32,0.4,2.43
466.0,3,16.76,1.28,4.59
467.0,2,11.45,0.45,2.44
467.0,3,16.88,1.3,4.55
468.0,2,11.57,0.45,2.49
468.0,3,16.99,1.32,4.54
469.0,2,11.73,0.43,2.52
469.0,3,17.1,1.35,4.52
470.0,2,11.91,0.41,2.55
470.0,3,17.2,1.36,4.5
471.0,2,12.07,0.4,2.58
471.0,3,17.3,1.39,4.47
472.0,2,12.19,0.39,2.63
472.0,3,17.4,1.4,4.45
473.0,2,12.32,0.39,2.68
473.0,3,17.48,1.43,4.41
474.0,2,12.48,0.41,2.72
474.0,3,17.57,1.44,4.39
475.0,2,12.62,0.43,2.74
475.0,3,17.66,1.45,4.38
476.0,2,12.74,0.44,2.79
476.0,3,17.74,1.47,4.35
477.0,2,12.86,0.47,2.81
477.0,3,17.84,1.48,4.34
478.0,2,12.99,0.48,2.84
478.0,3,17.9,1.52,4.32
479.0,2,13.12,0.5,2.87
479.0,3,17.94,1.68,4.3
480.0,2,13.22,0.51,2.92
480.0,3,18.06,1.82,4.23
481.0,2,13.33,0.51,2.97
481.0,3,18.28,1.87,4.17
482.0,2,13.42,0.51,3.0
482.0,3,18.51,1.91,4.07
483.0,2,13.53,0.52,3.02
483.0,3,18.74,1.95,4.01
484.0,2,13.65,0.53,3.04
484.0,3,18.96,2.0,3.96
485.0,2,13.75,0.54,3.08
485.0,3,19.16,2.06,3.9
486.0,2,13.85,0.56,3.08
486.0,3,19.37,2.12,3.84
487.0,2,13.94,0.57,3.11
487.0,3,19.57,2.18,3.78
488.0,2,14.0,0.56,3.16
488.0,3,19.73,2.24,3.73
489.0,2,14.09,0.58,3.17
489.0,3,19.92,2.27,3.69
490.0,2,14.18,0.59,3.18
490.0,3,20.08,2.31,3.65
491.0,2,14.27,0.59,3.21
491.0,3,20.24,2.35,3.61
492.0,2,14.36,0.6,3.24
492.0,3,20.38,2.38,3.58
493.0,2,14.43,0.61,3.26
493.0,3,20.53,2.41,3.56
494.0,2,14.5,0.63,3.28
494.0,3,20.69,2.45,3.52
495.0,2,14.56,0.72,3.3
495.0,3,20.81,2.48,3.48
496.0,2,14.62,0.88,3.3
496.0,3,20.95,2.5,3.46
497.0,2,14.74,0.97,3.3
497.0,3,21.07,2.53,3.44
498.0,2,14.89,1.0,3.32
498.0,3,21.2,2.54,3.42
499.0,2,15.09,1.0,3.32
499.0,3,21.32,2.57,3.4
500.0,2,15.31,1.02,3.29
500.0,3,21.44,2.59,3.38
501.0,2,15.51,1.07,3.28
501.0,3,21.56,2.61,3.34
502.0,2,15.67,1.13,3.29
502.0,3,21.67,2.63,3.33
503.0,2,15.83,1.22,3.29
503.0,3,21.79,2.65,3.32
504.0,2,16.0,1.3,3.29
504.0,3,21.86,2.77,3.3
505.0,2,16.19,1.33,3.3
505.0,3,22.0,2.88,3.25
506.0,2,16.4,1.31,3.3
506.0,3,22.21,2.88,3.17
507.0,2,16.59,1.29,3.28
507.0,3,22.51,2.83,3.1
508.0,2,16.81,1.32,3.25
508.0,3,22.77,2.8,3.06
509.0,2,17.0,1.39,3.23
509.0,3,23.03,2.81,3.0
510.0,2,17.21,1.49,3.24
510.0,3,23.27,2.81,2.97
511.0,2,17.4,1.57,3.22
511.0,3,23.52,2.83,2.93
512.0,2,17.59,1.64,3.18
512.0,3,23.72,2.83,2.9
513.0,2,17.81,1.68,3.17
513.0,3,23.95,2.84,2.86
514.0,2,18.01,1.71,3.15
514.0,3,24.17,2.84,2.82
515.0,2,18.22,1.73,3.13
515.0,3,24.34,2.84,2.79
516.0,2,18.4,1.76,3.11
516.0,3,24.53,2.84,2.78
517.0,2,18.57,1.79,3.07
517.0,3,24.73,2.85,2.75
518.0,2,18.73,1.83,3.06
518.0,3,24.91,2.85,2.73
519.0,2,18.88,1.86,3.05
519.0,3,25.07,2.85,2.71
520.0,2,19.06,1.96,3.02
520.0,3,25.22,2.83,2.68
521.0,2,19.18,2.11,3.0
521.0,3,25.37,2.7,2.69
522.0,2,19.31,2.18,2.92
522.0,3,25.55,2.61,2.68
523.0,2,19.55,2.2,2.81
523.0,3,25.75,2.59,2.68
524.0,2,19.78,2.16,2.68
524.0,3,26.01,2.57,2.68
525.0,2,19.98,2.1,2.58
525.0,3,26.22,2.53,2.68
526.0,2,20.19,2.11,2.46
526.0,3,26.41,2.48,2.68
527.0,2,20.42,2.12,2.37
527.0,3,26.62,2.45,2.67
528.0,2,20.63,2.18,2.25
528.0,3,26.78,2.42,2.68
529.0,2,20.84,2.19,2.17
529.0,3,26.96,2.37,2.68
530.0,2,21.05,2.18,2.08
530.0,3,27.16,2.32,2.72
531.0,2,21.25,2.19,1.97
531.0,3,27.31,2.28,2.71
532.0,2,21.43,2.18,1.9
532.0,3,27.47,2.25,2.71
533.0,2,21.61,2.16,1.83
533.0,3,27.61,2.23,2.72
534.0,2,21.77,2.16,1.76
534.0,3,27.76,2.17,2.75
535.0,2,21.96,2.15,1.7
535.0,3,27.87,2.14,2.75
536.0,2,22.11,2.15,1.64
536.0,3,27.98,2.11,2.78
537.0,2,22.27,2.14,1.58
537.0,3,28.11,2.14,2.88
538.0,2,22.41,2.14,1.53
538.0,3,28.22,2.15,2.97
539.0,2,22.56,2.14,1.48
539.0,3,28.37,2.09,3.05
540.0,2,22.7,2.14,1.42
540.0,3,28.47,1.98,3.12
541.0,2,22.84,2.14,1.38
541.0,3,28.62,1.87,3.25
542.0,2,22.97,2.15,1.31
542.0,3,28.78,1.78,3.34
543.0,2,23.1,2.15,1.28
543.0,3,28.84,1.68,3.4
544.0,2,23.23,2.14,1.25
544.0,3,28.84,1.55,3.46
545.0,2,23.34,2.13,1.23
545.0,3,28.87,1.43,3.53
546.0,2,23.48,2.13,1.19
546.0,3,28.89,1.35,3.63
547.0,2,23.56,2.13,1.15
547.0,3,28.91,1.28,3.73
548.0,2,23.7,2.13,1.11
548.0,3,28.88,1.22,3.77
549.0,2,23.81,2.12,1.1
549.0,3,28.87,1.17,3.83
550.0,2,23.91,2.12,1.07
550.0,3,28.87,1.1,3.9
551.0,2,24.01,2.11,1.06
551.0,3,28.71,1.07,3.92
552.0,2,24.11,2.1,1.06
552.0,3,28.52,1.02,4.01
553.0,2,24.21,2.1,1.01
553.0,3,28.36,0.99,4.08
554.0,2,24.31,2.1,0.98
554.0,3,28.27,0.96,4.14
555.0,2,24.41,2.1,0.97
555.0,3,28.16,0.88,4.24
556.0,2,24.5,2.09,0.96
556.0,3,28.08,0.79,4.32
557.0,2,24.6,2.1,0.93
557.0,3,28.02,0.7,4.36
558.0,2,24.66,2.09,0.91
558.0,3,27.94,0.61,4.42
559.0,2,24.76,2.09,0.89
559.0,3,27.86,0.54,4.46
560.0,2,24.86,2.08,0.87
560.0,3,27.76,0.48,4.52
561.0,2,24.92,2.08,0.86
561.0,3,27.64,0.42,4.6
562.0,2,24.98,2.07,0.85
562.0,3,27.56,0.36,4.63
563.0,2,25.07,2.06,0.85
563.0,3,27.46,0.29,4.7
564.0,2,25.18,2.07,0.83
564.0,3,27.38,0.22,4.75
565.0,2,25.24,2.06,0.83
565.0,3,27.3,0.16,4.8
566.0,2,25.34,2.06,0.81
566.0,3,27.2,0.08,4.86
567.0,2,25.38,2.05,0.81
567.0,3,27.06,0.07,4.92
568.0,2,25.47,2.05,0.78
568.0,3,26.87,0.16,4.95
569.0,2,25.8,2.02,0.78
569.0,3,26.69,0.23,4.97
570.0,2,25.8,2.02,0.78
570.0,3,26.52,0.21,5.01
571.0,2,25.8,2.02,0.78
571.0,3,26.37,0.19,5.03
572.0,2,25.8,2.02,0.78
572.0,3,26.23,0.15,5.06
573.0,2,25.8,2.02,0.78
573.0,3,26.02,0.12,5.07
574.0,2,25.85,1.94,0.76
574.0,3,25.88,0.09,5.1
575.0,2,25.91,1.81,0.75
575.0,3,25.77,0.05,5.14
576.0,2,25.9,1.73,0.76
576.0,3,25.62,0.03,5.18
577.0,2,25.9,1.73,0.76
577.0,3,25.5,0.05,5.21
578.0,2,25.8,1.41,0.79
578.0,3,25.36,0.13,5.25
579.0,2,25.79,1.35,0.78
579.0,3,25.19,0.15,5.33
580.0,2,25.78,1.28,0.83
580.0,3,25.04,0.14,5.41
581.0,2,25.78,1.24,0.82
581.0,3,24.92,0.1,5.5
582.0,2,25.8,1.18,0.84
582.0,3,24.92,0.1,5.5
583.0,2,25.78,1.12,0.86
583.0,3,24.63,0.1,5.66
584.0,2,25.81,1.08,0.82
584.0,3,24.48,0.18,5.78
585.0,2,25.72,1.01,0.78
585.0,3,24.31,0.23,5.92
586.0,2,25.65,0.97,0.74
586.0,3,24.18,0.25,6.02
587.0,2,25.63,0.92,0.69
587.0,3,24.01,0.24,6.16
588.0,2,25.62,0.84,0.66
588.0,3,23.84,0.25,6.25
589.0,2,25.63,0.77,0.63
589.0,3,23.7,0.26,6.34
590.0,2,25.62,0.66,0.59
590.0,3,23.56,0.28,6.43
591.0,2,25.61,0.57,0.56
591.0,3,23.42,0.27,6.55
592.0,2,25.62,0.47,0.55
592.0,3,23.29,0.28,6.6
593.0,2,25.62,0.38,0.52
593.0,3,23.17,0.29,6.68
594.0,2,25.63,0.3,0.51
594.0,3,23.06,0.29,6.76
595.0,2,25.63,0.24,0.48
595.0,3,22.95,0.3,6.82
596.0,2,25.61,0.2,0.4
596.0,3,22.85,0.3,6.89
597.0,2,25.6,0.14,0.38
597.0,3,22.74,0.31,6.93
598.0,2,25.61,0.08,0.37
598.0,3,22.64,0.32,6.99
599.0,2,25.6,0.03,0.36
599.0,3,22.54,0.31,7.05
600.0,2,25.6,0.01,0.35
600.0,3,22.46,0.32,7.1
601.0,2,25.61,0.05,0.36
601.0,3,22.37,0.32,7.15
602.0,2,25.57,0.14,0.34
602.0,3,22.34,0.4,7.21
603.0,2,25.55,0.13,0.53
603.0,3,22.28,0.54,7.35
604.0,2,25.42,0.16,0.64
604.0,3,22.17,0.58,7.51
605.0,2,25.36,0.22,0.79
605.0,3,22.01,0.55,7.67
606.0,2,25.24,0.29,0.9
606.0,3,21.82,0.52,7.86
607.0,2,25.17,0.35,1.0
607.0,3,21.65,0.53,7.98
608.0,2,25.11,0.39,1.07
608.0,3,21.48,0.52,8.13
609.0,2,25.11,0.39,1.07
609.0,3,21.32,0.53,8.26
610.0,2,24.94,0.38,1.24
610.0,3,21.18,0.55,8.37
611.0,2,24.94,0.38,1.24
611.0,3,21.02,0.57,8.45
612.0,2,24.89,0.36,1.29
612.0,3,20.9,0.57,8.53
613.0,2,24.83,0.35,1.34
613.0,3,20.77,0.58,8.62
614.0,2,24.79,0.33,1.39
614.0,3,20.64,0.57,8.75
615.0,2,24.75,0.32,1.41
615.0,3,20.53,0.59,8.82
616.0,2,24.71,0.3,1.46
616.0,3,20.42,0.59,8.9
617.0,2,24.67,0.27,1.5
617.0,3,20.31,0.59,8.96
618.0,2,24.61,0.26,1.53
618.0,3,20.2,0.6,9.04
619.0,2,24.58,0.24,1.56
619.0,3,20.1,0.62,9.09
620.0,2,24.57,0.21,1.59
620.0,3,20.02,0.6,9.18
621.0,2,24.58,0.16,1.66
621.0,3,19.95,0.6,9.24
622.0,2,24.63,0.06,1.74
622.0,3,19.87,0.57,9.37
623.0,2,24.62,0.02,1.78
623.0,3,19.83,0.51,9.45
624.0,2,24.62,0.02,1.78
624.0,3,19.79,0.44,9.54
625.0,2,24.453333333333333,0.059999999999999984,1.9333333333333333
625.0,3,19.66,0.39,9.7
626.0,2,24.28666666666667,0.10000000000000003,2.086666666666667
626.0,3,19.54,0.41,9.86
627.0,2,24.12,0.14,2.24
627.0,3,19.38,0.43,10.02
628.0,2,24.12,0.14,2.24
628.0,3,19.23,0.42,10.16
629.0,2,24.02,0.25,2.37
629.0,3,19.09,0.42,10.25
630.0,2,23.92,0.29,2.47
630.0,3,18.95,0.4,10.36
631.0,2,23.79,0.32,2.59
631.0,3,18.83,0.38,10.45
632.0,2,23.69,0.34,2.67
632.0,3,18.7,0.35,10.56
633.0,2,23.56,0.35,2.81
633.0,3,18.58,0.32,10.66
634.0,2,23.46,0.38,2.9
634.0,3,18.47,0.3,10.72
635.0,2,23.35,0.38,3.02
635.0,3,18.37,0.28,10.79
636.0,2,23.23,0.42,3.1
636.0,3,18.27,0.25,10.89
637.0,2,23.15,0.44,3.19
637.0,3,18.18,0.23,10.94
638.0,2,23.05,0.45,3.3
638.0,3,18.11,0.22,10.99
639.0,2,22.95,0.47,3.38
639.0,3,18.0,0.18,11.09
640.0,2,22.87,0.49,3.45
640.0,3,17.92,0.17,11.12
641.0,2,22.79,0.51,3.53
641.0,3,17.86,0.16,11.16
642.0,2,22.7,0.52,3.61
642.0,3,17.77,0.14,11.24
643.0,2,22.6,0.54,3.69
643.0,3,17.69,0.12,11.28
644.0,2,22.54,0.56,3.76
644.0,3,17.61,0.1,11.34
645.0,2,22.46,0.58,3.81
645.0,3,17.54,0.09,11.36
646.0,2,22.39,0.6,3.9
646.0,3,17.47,0.09,11.41
647.0,2,22.32,0.61,3.96
647.0,3,17.42,0.06,11.45
648.0,2,22.25,0.63,4.04
648.0,3,17.35,0.06,11.47
649.0,2,22.18,0.64,4.12
649.0,3,17.29,0.05,11.51
650.0,2,22.11,0.66,4.17
650.0,3,17.24,0.04,11.54
651.0,2,22.07,0.68,4.25
651.0,3,17.17,0.08,11.64
652.0,2,22.08,0.82,4.32
652.0,3,17.09,0.2,11.71
653.0,2,22.1,0.99,4.44
653.0,3,16.97,0.21,11.81
654.0,2,22.05,1.08,4.58
654.0,3,16.81,0.16,11.93
655.0,2,21.92,1.13,4.76
655.0,3,16.63,0.12,12.02
656.0,2,21.77,1.17,4.96
656.0,3,16.48,0.11,12.07
657.0,2,21.63,1.25,5.14
657.0,3,16.34,0.09,12.15
658.0,2,21.49,1.35,5.31
658.0,3,16.18,0.07,12.23
659.0,2,21.36,1.44,5.47
659.0,3,16.05,0.04,12.3
660.0,2,21.25,1.52,5.63
660.0,3,15.92,0.03,12.35
661.0,2,21.12,1.62,5.76
661.0,3,15.79,0.0,12.43
662.0,2,21.01,1.69,5.9
662.0,3,15.69,0.0,12.45
663.0,2,20.89,1.77,6.03
663.0,3,15.51,0.08,12.49
664.0,2,20.78,1.85,6.15
664.0,3,15.36,0.18,12.48
665.0,2,20.67,1.93,6.25
665.0,3,15.16,0.22,12.48
666.0,2,20.58,2.0,6.37
666.0,3,14.97,0.2,12.51
667.0,2,20.48,2.07,6.48
667.0,3,14.77,0.19,12.52
668.0,2,20.38,2.13,6.59
668.0,3,14.59,0.2,12.52
669.0,2,20.29,2.2,6.7
669.0,3,14.41,0.2,12.53
670.0,2,20.19,2.26,6.79
670.0,3,14.26,0.2,12.54
671.0,2,20.1,2.31,6.89
671.0,3,14.11,0.2,12.54
672.0,2,20.01,2.36,6.98
672.0,3,13.95,0.21,12.55
673.0,2,19.92,2.43,7.06
673.0,3,13.81,0.21,12.56
674.0,2,19.83,2.49,7.15
674.0,3,13.68,0.21,12.56
675.0,2,19.75,2.52,7.22
675.0,3,13.56,0.2,12.58
676.0,2,19.66,2.58,7.3
676.0,3,13.45,0.3,12.56
677.0,2,19.59,2.62,7.38
677.0,3,13.31,0.43,12.53
678.0,2,19.5,2.68,7.45
678.0,3,13.09,0.44,12.49
679.0,2,19.42,2.71,7.54
679.0,3,12.84,0.39,12.43
680.0,2,19.36,2.76,7.61
680.0,3,12.59,0.37,12.37
681.0,2,19.28,2.8,7.68
681.0,3,12.33,0.39,12.33
682.0,2,19.21,2.84,7.74
682.0,3,12.08,0.43,12.29
683.0,2,19.13,2.87,7.81
683.0,3,11.86,0.45,12.26
684.0,2,19.07,2.92,7.88
684.0,3,11.62,0.47,12.21
685.0,2,18.99,2.95,7.94
685.0,3,11.41,0.49,12.19
686.0,2,18.93,2.98,7.99
686.0,3,11.22,0.5,12.15
687.0,2,18.85,3.0,8.06
687.0,3,11.02,0.51,12.1
688.0,2,18.73,2.94,8.13
688.0,3,10.83,0.52,12.09
689.0,2,18.61,2.79,8.18
689.0,3,10.68,0.51,12.07
690.0,2,18.48,2.69,8.25
690.0,3,10.52,0.52,12.03
691.0,2,18.33,2.65,8.3
691.0,3,10.37,0.51,11.99
692.0,2,18.15,2.65,8.38
692.0,3,10.21,0.52,11.96
693.0,2,17.99,2.65,8.43
693.0,3,10.06,0.51,11.94
694.0,2,17.83,2.65,8.51
694.0,3,9.92,0.51,11.91
695.0,2,17.69,2.65,8.56
695.0,3,9.79,0.51,11.89
696.0,2,17.52,2.64,8.64
696.0,3,9.66,0.5,11.87
697.0,2,17.37,2.62,8.71
697.0,3,9.53,0.5,11.85
698.0,2,17.23,2.61,8.76
698.0,3,9.42,0.5,11.83
699.0,2,17.14,2.61,8.79
699.0,3,9.3,0.5,11.84
700.0,2,16.99,2.58,8.87
700.0,3,9.17,0.63,11.85
701.0,2,16.87,2.57,8.91
701.0,3,9.02,0.74,11.83
702.0,2,16.75,2.56,8.95
702.0,3,8.81,0.77,11.78
703.0,2,16.62,2.54,9.01
703.0,3,8.56,0.76,11.75
704.0,2,16.52,2.53,9.07
704.0,3,8.33,0.77,11.71
705.0,2,16.41,2.51,9.1
705.0,3,8.09,0.79,11.69
706.0,2,16.3,2.44,9.14
706.0,3,7.87,0.83,11.68
707.0,2,16.21,2.36,9.15
707.0,3,7.68,0.87,11.65
708.0,2,16.12,2.31,9.18
708.0,3,7.48,0.9,11.65
709.0,2,15.96,2.3,9.23
709.0,3,7.28,0.92,11.63
710.0,2,15.76,2.31,9.3
710.0,3,7.14,0.95,11.62
711.0,2,15.59,2.33,9.34
711.0,3,6.96,0.97,11.6
712.0,2,15.41,2.32,9.36
712.0,3,6.81,0.99,11.6
713.0,2,15.24,2.28,9.38
713.0,3,6.65,1.01,11.59
714.0,2,15.06,2.24,9.42
714.0,3,6.49,1.02,11.58
715.0,2,14.89,2.22,9.45
715.0,3,6.35,1.03,11.58
716.0,2,14.76,2.2,9.48
716.0,3,6.21,1.05,11.58
717.0,2,14.61,2.17,9.5
717.0,3,6.08,1.06,11.58
718.0,2,14.47,2.16,9.53
718.0,3,5.94,1.07,11.58
719.0,2,14.29,2.14,9.55
719.0,3,5.84,1.13,11.7
720.0,2,14.18,2.15,9.57
720.0,3,5.75,1.32,11.81
721.0,2,14.03,2.19,9.61
721.0,3,5.59,1.43,11.9
722.0,2,13.88,2.23,9.64
722.0,3,5.4,1.51,11.98
723.0,2,13.74,2.23,9.64
723.0,3,5.17,1.57,12.08
724.0,2,13.55,2.18,9.67
724.0,3,4.98,1.63,12.16
725.0,2,13.37,2.12,9.69
725.0,3,4.79,1.69,12.23
726.0,2,13.2,2.07,9.71
726.0,3,4.64,1.74,12.28
727.0,2,12.98,2.06,9.73
727.0,3,4.47,1.81,12.32
728.0,2,12.82,2.06,9.75
728.0,3,4.31,1.86,12.39
729.0,2,12.63,2.06,9.78
729.0,3,4.16,1.9,12.44
730.0,2,12.46,2.07,9.79
730.0,3,4.02,1.94,12.49
731.0,2,12.3,2.07,9.8
731.0,3,3.89,1.98,12.54
732.0,2,12.15,2.06,9.84
732.0,3,3.75,2.01,12.58
733.0,2,12.01,2.06,9.84
733.0,3,3.62,2.05,12.62
734.0,2,11.86,2.04,9.87
734.0,3,3.51,2.09,12.65
735.0,2,11.72,2.04,9.88
735.0,3,3.4,2.13,12.67
736.0,2,11.55,2.02,9.93
736.0,3,3.28,2.16,12.7
737.0,2,11.42,2.0,9.95
737.0,3,3.18,2.19,12.71
738.0,2,11.31,2.0,9.96
738.0,3,3.07,2.22,12.76
739.0,2,11.15,1.99,9.98
739.0,3,2.97,2.25,12.79
740.0,2,11.03,1.97,10.01
740.0,3,2.88,2.28,12.79
741.0,2,10.92,1.97,10.03
741.0,3,2.81,2.37,12.71
742.0,2,10.79,1.95,10.06
742.0,3,2.77,2.56,12.55
743.0,2,10.69,1.95,10.07
743.0,3,2.65,2.64,12.41
744.0,2,10.57,1.93,10.1
744.0,3,2.52,2.6,12.18
745.0,2,10.45,1.93,10.11
745.0,3,2.39,2.42,11.89
746.0,2,10.36,1.92,10.14
746.0,3,2.29,2.24,11.69
747.0,2,10.25,1.9,10.17
747.0,3,2.16,2.09,11.51
748.0,2,10.16,1.89,10.19
748.0,3,2.02,1.95,11.37
749.0,2,10.07,1.89,10.22
749.0,3,1.9,1.85,11.23
750.0,2,9.96,1.87,10.23
750.0,3,1.8,1.75,11.08
751.0,2,9.87,1.86,10.26
751.0,3,1.67,1.61,10.94
752.0,2,9.78,1.87,10.27
752.0,3,1.61,1.55,10.77
753.0,2,9.69,1.93,10.29
753.0,3,1.53,1.46,10.64
754.0,2,9.58,2.02,10.27
754.0,3,1.45,1.4,10.52
755.0,2,9.45,2.08,10.26
755.0,3,1.37,1.31,10.43
756.0,2,9.27,2.05,10.25
756.0,3,1.28,1.25,10.33
757.0,2,9.09,2.0,10.2
757.0,3,1.21,1.19,10.23
758.0,2,8.9,1.96,10.18
758.0,3,1.14,1.12,10.15
759.0,2,8.73,1.94,10.14
759.0,3,1.09,1.07,10.03
760.0,2,8.52,1.97,10.13
760.0,3,1.07,1.0,9.9
761.0,2,8.35,2.01,10.1
761.0,3,1.03,0.99,9.76
762.0,2,8.15,2.03,10.06
762.0,3,0.95,0.99,9.63
763.0,2,7.96,1.98,10.02
763.0,3,0.89,1.0,9.51
764.0,2,7.78,1.87,9.95
764.0,3,0.81,1.02,9.39
765.0,2,7.6,1.8,9.86
765.0,3,0.72,1.04,9.24
766.0,2,7.37,1.77,9.82
766.0,3,0.63,1.05,9.13
767.0,2,7.14,1.8,9.77
767.0,3,0.56,1.05,9.04
768.0,2,6.92,1.83,9.71
768.0,3,0.49,1.04,8.92
769.0,2,6.7,1.84,9.62
769.0,3,0.42,1.04,8.86
770.0,2,6.47,1.81,9.58
770.0,3,0.35,1.03,8.77
771.0,2,6.28,1.79,9.52
771.0,3,0.29,1.04,8.67
772.0,2,6.08,1.77,9.46
772.0,3,0.24,1.04,8.58
773.0,2,5.88,1.75,9.4
773.0,3,0.19,1.06,8.5
774.0,2,5.71,1.73,9.35
774.0,3,0.17,1.2,8.43
775.0,2,5.53,1.71,9.3
775.0,3,0.14,1.37,8.3
776.0,2,5.36,1.7,9.27
776.0,3,0.15,1.48,8.17
777.0,2,5.19,1.7,9.21
777.0,3,0.15,1.55,7.99
778.0,2,5.06,1.72,9.14
778.0,3,0.15,1.58,7.83
779.0,2,4.92,1.73,9.08
779.0,3,0.14,1.58,7.65
780.0,2,4.79,1.73,9.01
780.0,3,0.15,1.59,7.48
781.0,2,4.65,1.71,8.95
781.0,3,0.15,1.61,7.33
782.0,2,4.53,1.69,8.86
782.0,3,0.14,1.64,7.2
783.0,2,4.42,1.67,8.77
783.0,3,0.14,1.66,7.08
784.0,2,4.29,1.66,8.69
784.0,3,0.14,1.68,6.99
785.0,2,4.18,1.7,8.61
785.0,3,0.14,1.7,6.89
786.0,2,4.05,1.79,8.51
786.0,3,0.14,1.71,6.81
787.0,2,3.92,1.85,8.43
787.0,3,0.15,1.73,6.71
788.0,2,3.77,1.86,8.31
788.0,3,0.14,1.73,6.64
789.0,2,3.64,1.81,8.19
789.0,3,0.16,1.72,6.58
790.0,2,3.5,1.77,8.05
790.0,3,0.22,1.57,6.46
791.0,2,3.34,1.75,7.92
791.0,3,0.31,1.4,6.31
792.0,2,3.18,1.74,7.86
792.0,3,0.43,1.29,6.26
793.0,2,3.01,1.76,7.75
793.0,3,0.57,1.11,6.3
794.0,2,2.87,1.79,7.65
794.0,3,0.7,1.01,6.33
795.0,2,2.73,1.79,7.55
795.0,3,0.79,0.92,6.33
796.0,2,2.59,1.79,7.43
796.0,3,0.85,0.84,6.34
797.0,2,2.47,1.8,7.33
797.0,3,0.89,0.76,6.38
798.0,2,2.37,1.75,7.26
798.0,3,0.89,0.76,6.38
799.0,2,1.88,1.69,6.78
799.0,3,0.94,0.57,6.45
800.0,2,2.0433333333333334,1.71,6.94
800.0,3,0.95,0.5,6.46
801.0,2,2.2066666666666666,1.73,7.1
801.0,3,0.97,0.42,6.46
802.0,2,2.37,1.75,7.26
802.0,3,0.98,0.37,6.46
803.0,2,1.88,1.69,6.78
803.0,3,1.15,0.29,6.4
804.0,2,1.8,1.8,6.12
804.0,3,1.15,0.29,6.4
805.0,2,1.88,1.69,6.78
805.0,3,1.41,0.29,6.33
806.0,2,1.8,1.8,6.12
806.0,3,1.83,0.19,6.2
807.0,2,1.82,1.77,6.04
807.0,3,1.41,0.29,6.33
808.0,2,1.93,1.63,5.78
808.0,3,1.83,0.19,6.2
809.0,2,1.875,1.7,5.91
809.0,3,1.96,0.11,6.15
810.0,2,1.82,1.77,6.04
810.0,3,2.09,0.03,6.11
811.0,2,1.93,1.63,5.78
811.0,3,3.81,0.06,5.82
812.0,2,1.17,1.41,6.49
812.0,3,3.6188888888888906,0.0566666666666667,5.852222222222222
813.0,2,1.05,1.39,6.39
813.0,3,3.4277777777777763,0.0533333333333333,5.884444444444445
814.0,2,1.03,1.35,6.27
814.0,3,3.2366666666666664,0.049999999999999996,5.916666666666667
815.0,2,1.05,1.23,6.21
815.0,3,3.0455555555555573,0.0466666666666667,5.948888888888889
816.0,2,1.13,1.11,6.16
816.0,3,2.8544444444444426,0.0433333333333333,5.981111111111112
817.0,2,1.27,1.09,6.13
817.0,3,2.663333333333333,0.039999999999999994,6.013333333333334
818.0,2,1.47,1.07,6.12
818.0,3,2.472222222222224,0.036666666666666695,6.045555555555556
819.0,2,1.6,1.04,6.14
819.0,3,2.281111111111109,0.0333333333333333,6.077777777777778
820.0,2,1.7,1.03,6.11
820.0,3,2.09,0.03,6.11
821.0,2,1.78,1.03,6.06
821.0,3,3.81,0.06,5.82
822.0,2,1.85,0.99,6.04
822.0,3,3.97,0.17,5.76
823.0,2,1.95,0.97,5.98
823.0,3,4.13,0.19,5.71
824.0,2,2.01,0.94,5.93
824.0,3,4.31,0.2,5.66
825.0,2,2.04,0.88,5.89
825.0,3,4.5,0.2,5.61
826.0,2,2.08,0.84,5.75
826.0,3,4.65,0.21,5.56
827.0,2,2.16,0.77,5.69
827.0,3,4.79,0.22,5.52
828.0,2,2.24,0.73,5.63
828.0,3,4.92,0.23,5.48
829.0,2,2.37,0.72,5.6
829.0,3,5.08,0.25,5.41
830.0,2,2.52,0.78,5.57
830.0,3,5.18,0.27,5.39
831.0,2,2.68,0.88,5.52
831.0,3,5.29,0.26,5.36
832.0,2,2.82,0.94,5.47
832.0,3,5.42,0.28,5.34
833.0,2,2.94,0.97,5.42
833.0,3,5.52,0.3,5.31
834.0,2,3.07,0.97,5.38
834.0,3,5.64,0.31,5.27
835.0,2,3.19,0.97,5.31
835.0,3,5.72,0.32,5.25
836.0,2,3.3,0.93,5.29
836.0,3,5.83,0.34,5.21
837.0,2,3.44,0.9,5.24
837.0,3,5.91,0.36,5.19
838.0,2,3.58,0.86,5.19
838.0,3,6.01,0.37,5.15
839.0,2,3.69,0.85,5.16
839.0,3,6.09,0.38,5.14
840.0,2,3.78,0.82,5.12
840.0,3,6.16,0.4,5.11
841.0,2,3.9,0.81,5.07
841.0,3,6.24,0.42,5.08
842.0,2,3.99,0.81,5.05
842.0,3,6.34,0.43,5.06
843.0,2,4.1,0.8,5.03
843.0,3,6.4,0.44,5.04
844.0,2,4.21,0.8,4.99
844.0,3,6.43,0.49,5.03
845.0,2,4.3,0.81,4.94
845.0,3,6.37,0.7,4.98
846.0,2,4.41,0.81,4.92
846.0,3,6.29,0.92,4.91
847.0,2,4.49,0.82,4.88
847.0,3,6.27,1.1,4.81
848.0,2,4.58,0.84,4.85
848.0,3,6.29,1.26,4.71
849.0,2,4.67,0.85,4.8
849.0,3,6.3,1.41,4.65
850.0,2,4.75,0.84,4.76
850.0,3,6.32,1.55,4.59
851.0,2,4.84,0.84,4.74
851.0,3,6.34,1.68,4.55
852.0,2,4.88,0.83,4.7
852.0,3,6.37,1.82,4.51
853.0,2,4.96,0.81,4.68
853.0,3,6.39,1.94,4.45
854.0,2,5.05,0.81,4.64
854.0,3,6.06,2.32,4.19
855.0,2,5.12,0.79,4.63
855.0,3,6.225,2.13,4.32
856.0,2,5.21,0.79,4.61
856.0,3,6.39,1.94,4.45
857.0,2,5.79,0.84,4.45
857.0,3,6.06,2.32,4.19
858.0,2,5.707142857142856,0.8328571428571427,4.472857142857143
858.0,3,5.84,2.29,4.1
859.0,2,5.624285714285715,0.8257142857142858,4.4957142857142856
859.0,3,5.63,2.25,4.01
860.0,2,5.541428571428572,0.8185714285714286,4.518571428571429
860.0,3,5.46,2.21,3.95
861.0,2,5.458571428571428,0.8114285714285714,4.541428571428572
861.0,3,5.29,2.19,3.9
862.0,2,5.375714285714285,0.8042857142857142,4.564285714285715
862.0,3,5.13,2.19,3.85
863.0,2,5.292857142857144,0.7971428571428573,4.587142857142857
863.0,3,4.99,2.2,3.81
864.0,2,5.21,0.79,4.61
864.0,3,4.86,2.21,3.78
865.0,2,5.79,0.84,4.45
865.0,3,4.73,2.23,3.73
866.0,2,5.87,0.85,4.41
866.0,3,4.61,2.24,3.7
867.0,2,5.93,0.88,4.37
867.0,3,4.5,2.26,3.63
868.0,2,5.95,0.88,4.39
868.0,3,4.4,2.29,3.56
869.0,2,5.97,0.88,4.41
869.0,3,4.3,2.3,3.53
870.0,2,6.03,0.88,4.4
870.0,3,4.2,2.33,3.46
871.0,2,6.09,0.88,4.38
871.0,3,4.13,2.41,3.36
872.0,2,6.14,0.89,4.37
872.0,3,4.08,2.51,3.28
873.0,2,6.17,0.89,4.35
873.0,3,4.02,2.56,3.21
874.0,2,6.15,0.8,4.32
874.0,3,3.93,2.6,3.1
875.0,2,6.06,0.66,4.15
875.0,3,3.8,2.61,3.0
876.0,2,5.98,0.57,3.96
876.0,3,3.66,2.61,2.91
877.0,2,5.91,0.51,3.85
877.0,3,3.54,2.63,2.82
878.0,2,5.92,0.48,3.72
878.0,3,3.43,2.66,2.73
879.0,2,5.94,0.44,3.6
879.0,3,3.3,2.71,2.65
880.0,2,5.99,0.38,3.48
880.0,3,3.19,2.77,2.55
881.0,2,6.02,0.32,3.37
881.0,3,3.08,2.8,2.48
882.0,2,6.06,0.25,3.25
882.0,3,2.96,2.85,2.41
883.0,2,6.09,0.16,3.16
883.0,3,2.87,2.87,2.35
884.0,2,6.11,0.07,3.1
884.0,3,2.77,2.91,2.28
885.0,2,6.13,0.01,2.99
885.0,3,2.68,2.94,2.22
886.0,2,5.96,0.08,2.22
886.0,3,2.59,2.98,2.16
887.0,2,5.977,0.07300000000000001,2.297
887.0,3,2.51,3.0,2.1
888.0,2,5.994,0.066,2.374
888.0,3,2.43,3.04,2.07
889.0,2,6.011,0.05900000000000001,2.451
889.0,3,2.35,3.07,2.02
890.0,2,6.028,0.05200000000000002,2.528
890.0,3,2.27,3.1,1.97
891.0,2,6.045,0.04499999999999998,2.6050000000000004
891.0,3,2.2,3.15,1.9
892.0,2,6.062,0.037999999999999985,2.6820000000000004
892.0,3,2.13,3.18,1.84
893.0,2,6.079,0.030999999999999986,2.7590000000000003
893.0,3,2.06,3.21,1.82
894.0,2,6.096,0.023999999999999994,2.8360000000000003
894.0,3,1.99,3.24,1.77
895.0,2,6.1129999999999995,0.017,2.9130000000000003
895.0,3,1.95,3.27,1.74
896.0,2,6.13,0.01,2.99
896.0,3,1.89,3.31,1.71
897.0,2,5.96,0.08,2.22
897.0,3,1.98,3.47,1.69
898.0,2,5.9,0.18,2.16
898.0,3,2.17,3.74,1.65
899.0,2,5.87,0.27,2.1
899.0,3,2.35,3.98,1.64
900.0,2,5.83,0.33,2.04
900.0,3,2.46,4.17,1.64
