1,1568.6769,771.1401,1
1,1686.3334,1047.6174,1
2,1685.0517,1049.1192,1
2,1564.7994,771.9958,1
3,1684.0458,1050.7562,1
3,1557.769,774.7106,1
4,1683.0561,1052.6669,1
4,1551.0252,776.3415,1
5,1682.7965,1054.2978,1
5,1545.1197,778.1838,1
6,1681.6879,1056.2845,1
6,1537.8351,779.8299,1
7,1681.1498,1057.087,1
7,1532.3108,780.6705,1
8,1680.079,1058.2666,1
8,1527.3084,781.8242,1
9,1679.4787,1060.2471,1
9,1522.6738,782.4808,1
10,1678.6702,1061.7869,1
10,1518.3555,784.2942,1
11,1677.878,1063.1321,1
11,1514.3671,785.0906,1
12,1677.3318,1064.8938,1
12,1509.6135,785.7822,1
13,1505.5439,786.8174,1
13,1676.5963,1066.2967,1
14,1499.9791,788.2264,1
14,1676.0609,1066.8986,1
15,1495.8501,789.491,1
15,1675.0523,1069.7973,1
16,1492.2078,790.3605,1
16,1676.6098,1072.6974,1
17,1486.67,790.9685,1
17,1677.932,1075.5854,1
18,1678.6973,1078.5935,1
18,1483.6469,792.069,1
19,1679.4706,1081.1547,1
19,1480.1777,792.5903,1
20,1679.4382,1082.6702,1
20,1476.0974,795.2214,1
21,1678.7378,1085.4168,1
21,1472.8391,796.4314,1
22,1678.7622,1087.6269,1
22,1468.0449,797.3449,1
23,1464.9272,799.0351,1
23,1677.4859,1090.369,1
24,1460.6359,800.1386,1
24,1676.3313,1091.629,1
25,1455.2549,801.1981,1
25,1675.5012,1094.3878,1
26,1675.1199,1096.3897,1
26,1451.4585,801.9079,1
27,1675.2308,1098.6727,1
27,1448.8113,802.3016,1
28,1674.6737,1100.7262,1
28,1445.0987,803.0783,1
29,1674.8495,1103.0093,1
29,1441.2753,803.9554,1
30,1675.2497,1105.1342,1
30,1439.1012,805.2732,1
31,1675.2335,1107.8626,1
31,1435.2778,805.9967,1
32,1675.9716,1109.8979,1
32,1433.4823,808.2858,1
33,1675.6931,1111.421,1
33,1430.6594,808.9577,1
34,1675.2875,1113.1644,1
34,1427.7742,809.1629,1
35,1424.213,809.5277,1
35,1674.8143,1114.2649,1
36,1421.8362,810.2618,1
36,1673.8057,1115.3426,1
37,1420.2598,812.513,1
37,1672.3212,1117.9767,1
38,1422.4987,823.2609,1
38,1671.6398,1119.7642,1
39,1671.2396,1121.2386,1
39,1428.9342,834.0255,1
40,1671.4911,1123.473,1
40,1436.957,841.057,1
41,1671.1207,1125.1298,1
41,1440.1369,849.4216,1
42,1670.6069,1126.966,1
42,1443.0302,855.8527,1
43,1668.0462,1127.1742,1
43,1444.9203,862.0011,1
44,1662.257,1126.7319,1
44,1445.4178,869.8717,1
45,1658.4038,1125.3457,1
45,1446.0478,876.7618,1
46,1653.9827,1125.0189,1
46,1447.0104,881.5164,1
47,1651.3193,1125.7378,1
47,1448.5598,886.9914,1
48,1448.9276,892.807,1
48,1649.2102,1126.054,1
49,1449.974,899.6728,1
49,1646.6089,1128.5757,1
50,1644.032,1130.1139,1
50,1450.5878,904.8894,1
51,1451.7641,909.5984,1
51,1640.6899,1131.678,1
52,1452.8132,913.8103,1
52,1638.3942,1133.7604,1
53,1453.8002,919.3127,1
53,1635.4738,1136.58,1
54,1633.0321,1137.9039,1
54,1454.368,923.9806,1
55,1454.8358,928.6972,1
55,1630.6769,1139.1822,1
56,1455.7119,932.7997,1
56,1627.0265,1140.8892,1
57,1457.0531,936.9022,1
57,1625.4528,1142.508,1
58,1458.2537,941.2554,1
58,1622.8651,1143.7833,1
59,1621.5401,1145.6635,1
59,1459.0027,944.7894,1
60,1619.2309,1147.4526,1
60,1459.8463,949.0865,1
61,1617.0704,1148.1533,1
61,1459.0243,953.3729,1
62,1615.256,1150.2129,1
62,1460.3331,957.6669,1
63,1613.0469,1152.2998,1
63,1462.0231,961.3833,1
64,1611.3406,1153.265,1
64,1462.5828,963.7119,1
65,1463.9483,966.7033,1
65,1609.3505,1154.8033,1
66,1464.9407,970.7556,1
66,1607.501,1156.0786,1
67,1606.1976,1156.9374,1
67,1462.9532,974.9569,1
68,1464.1241,977.3463,1
68,1604.7294,1160.1704,1
69,1464.7811,980.4502,1
69,1603.6261,1160.5747,1
70,1465.5166,985.1515,1
70,1601.9578,1161.4958,1
71,1466.3981,987.205,1
71,1599.5918,1162.99,1
72,1467.358,989.8559,1
72,1596.1117,1164.1954,1
73,1468.51,993.5389,1
73,1594.6813,1164.1771,1
74,1593.2644,1165.463,1
74,1469.1156,996.2369,1
75,1591.9178,1166.2443,1
75,1468.4396,999.0762,1
76,1590.0845,1166.7368,1
76,1469.1778,1002.6938,1
77,1588.1944,1167.4375,1
77,1470.1945,1005.176,1
78,1586.1799,1169.1506,1
78,1470.3108,1009.3575,1
79,1584.7847,1169.713,1
79,1471.2843,1011.5022,1
80,1584.1736,1170.6402,1
80,1472.1685,1013.615,1
81,1473.0743,1015.2658,1
81,1583.3569,1171.616,1
82,1581.4344,1172.832,1
82,1473.8341,1018.0914,1
83,1580.2636,1173.5008,1
83,1474.5264,1020.0674,1
84,1578.6114,1174.4493,1
84,1474.1126,1022.7943,1
85,1577.3351,1175.7033,1
85,1474.5345,1025.4452,1
86,1575.9723,1175.5452,1
86,1475.2537,1027.9866,1
87,1573.8389,1170.4775,1
87,1477.2195,1029.6769,1
88,1484.039,1028.8363,1
88,1571.2214,1165.5998,1
89,1488.7602,1031.013,1
89,1568.685,1158.8906,1
90,1492.5215,1034.4679,1
90,1568.0009,1151.5794,1
91,1567.9441,1147.182,1
91,1495.4715,1038.9823,1
92,1498.5649,1042.2062,1
92,1566.0243,1143.2695,1
93,1500.8146,1046.2236,1
93,1562.6389,1139.3494,1
94,1501.8746,1049.177,1
94,1561.0246,1137.986,1
95,1505.936,1052.6076,1
95,1558.1962,1135.8124,1
96,1507.9911,1056.5398,1
96,1554.4079,1133.8486,1
97,1512.4067,1060.4873,1
97,1551.2442,1130.8207,1
98,1514.532,1062.8463,1
98,1548.2644,1127.7442,1
99,1543.6433,1125.3913,1
99,1517.6146,1066.695,1
100,1540.4445,1122.8118,1
100,1518.8584,1069.7486,1
101,1537.2646,1121.5852,1
101,1520.8134,1072.0058,1
102,1522.8468,1075.1066,1
102,1536.1154,1119.6852,1
103,1524.9803,1078.8747,1
103,1531.3752,1118.0026,1
104,1526.116,1081.4238,1
104,1527.5761,1117.2137,1
105,1527.1029,1083.839,1
106,1528.3035,1087.0782,1
107,1532.3325,1091.2597,1
108,1530.7263,1094.8271,1
108,1514.7321,1110.4314,1
109,1535.8828,1097.9021,1
109,1513.2044,1108.9008,1
110,1539.5873,1099.0694,1
110,1509.4404,1107.9356,1
111,1507.48,1106.1602,1
111,1543.454,1098.5967,1
112,1506.6769,1104.4366,1
112,1552.5205,1096.0553,1
113,1506.8283,1102.0927,1
113,1558.1016,1098.6028,1
114,1505.379,1100.7004,1
114,1562.5686,1104.4715,1
115,1501.6826,1099.7869,1
115,1565.0617,1108.2411,1
116,1569.2961,1113.3073,1
116,1498.9948,1097.8367,1
117,1574.523,1117.9661,1
117,1496.253,1096.4505,1
118,1580.561,1121.6855,1
118,1493.1812,1094.2343,1
119,1585.7716,1124.683,1
119,1491.4372,1093.5351,1
120,1590.555,1128.9891,1
120,1487.0567,1091.4269,1
121,1594.5894,1131.7282,1
121,1485.9264,1089.7686,1
122,1599.9081,1134.639,1
122,1484.6961,1088.2075,1
123,1483.2711,1086.8836,1
123,1604.3941,1138.0666,1
124,1482.2003,1084.8179,1
124,1607.1116,1140.6673,1
125,1610.3185,1143.5477,1
125,1481.4648,1083.8846,1
126,1613.201,1145.4918,1
126,1480.1912,1082.7781,1
127,1616.0808,1147.9861,1
127,1477.2898,1082.8237,1
128,1620.4207,1151.4213,1
128,1475.5539,1081.594,1
129,1625.1094,1153.7074,1
129,1473.0121,1080.9161,1
130,1627.2969,1156.7458,1
130,1472.1387,1080.2154,1
131,1630.8121,1159.4347,1
131,1470.3622,1079.7746,1
132,1467.3905,1077.3213,1
132,1635.4279,1160.9137,1
133,1466.1277,1075.4547,1
133,1637.5154,1160.4805,1
134,1463.7969,1074.1262,1
134,1643.794,1160.0047,1
135,1462.3881,1072.9513,1
135,1647.1605,1160.6568,1
136,1651.9601,1158.2263,1
136,1461.6337,1071.977,1
137,1657.3195,1157.515,1
137,1459.9761,1071.0042,1
138,1662.4489,1157.632,1
138,1457.9725,1070.6454,1
139,1667.7677,1157.7414,1
139,1455.6092,1069.5328,1
140,1670.8989,1157.933,1
140,1455.5659,1066.7421,1
141,1676.4205,1158.4406,1
141,1459.4002,1062.1988,1
142,1680.8253,1159.2645,1
142,1463.6779,1055.9379,1
143,1469.405,1051.5466,1
143,1686.7904,1159.7205,1
144,1475.1942,1048.0765,1
144,1690.6219,1160.0397,1
145,1693.526,1160.5382,1
145,1477.106,1045.8117,1
146,1697.2602,1161.2162,1
146,1480.1209,1041.1498,1
147,1702.1707,1161.2694,1
147,1481.5568,1037.1522,1
148,1481.9678,1033.3978,1
148,1704.4988,1162.0689,1
149,1483.8579,1029.2118,1
149,1708.4251,1162.1494,1
150,1485.3451,1025.2537,1
150,1711.9511,1162.4322,1
151,1714.8498,1162.7681,1
151,1485.7804,1022.3231,1
152,1486.1806,1017.488,1
152,1717.743,1162.9125,1
153,1487.0242,1013.2183,1
153,1722.1965,1163.101,1
154,1487.2054,1010.0522,1
154,1725.6198,1163.0934,1
155,1487.9193,1007.1125,1
155,1729.2567,1163.2666,1
156,1489.2632,1003.8521,1
156,1731.2712,1163.259,1
157,1490.3799,1000.2801,1
157,1733.8102,1164.2881,1
158,1735.4569,1164.5723,1
158,1491.0856,998.2661,1
159,1492.4241,994.5846,1
159,1738.334,1164.7152,1
160,1492.7648,990.622,1
160,1739.9834,1164.9721,1
161,1492.6242,988.4894,1
161,1743.842,1164.8246,1
162,1492.8973,985.5452,1
162,1744.7641,1163.1557,1
163,1747.8142,1152.233,1
163,1493.7572,982.9126,1
164,1494.5332,979.9668,1
164,1745.3941,1139.1062,1
165,1741.5734,1128.3674,1
165,1495.4526,976.8082,1
165,1701.5866,1172.376,1
166,1739.6779,1119.8798,1
166,1495.5905,974.621,1
167,1737.3308,1110.7947,1
167,1496.6748,972.2057,1
168,1737.0875,1104.7466,1
168,1497.5509,970.0184,1
169,1737.539,1097.367,1
169,1498.7812,967.9558,1
170,1499.6573,966.1485,1
170,1737.5255,1091.1974,1
171,1738.2258,1085.5475,1
171,1500.7227,963.835,1
172,1739.8212,1078.0007,1
172,1501.204,961.1021,1
173,1501.8773,957.6745,1
173,1740.673,1070.8628,1
174,1741.9898,1065.4531,1
174,1502.2126,955.1026,1
175,1743.0038,1059.1436,1
175,1502.2748,952.9792,1
176,1743.7393,1053.588,1
176,1502.1234,951.6097,1
177,1744.729,1047.8591,1
177,1504.8598,951.067,1
178,1745.4482,1042.2397,1
178,1508.9158,951.7191,1
179,1746.8786,1036.5625,1
179,1518.1446,954.9537,1
180,1747.7764,1032.685,1
180,1524.3935,960.0198,1
181,1748.355,1027.1248,1
181,1528.6118,964.7379,1
182,1534.4037,967.9512,1
182,1748.4632,1022.2836,1
183,1538.8978,968.7842,1
183,1750.2532,1017.7266,1
184,1751.8513,1012.4948,1
184,1545.3036,969.5548,1
185,1752.9491,1008.7769,1
185,1551.6201,969.7798,1
186,1753.8955,1004.0102,1
186,1556.7469,969.5183,1
187,1754.585,999.3818,1
187,1561.871,969.0122,1
188,1565.3483,968.0865,1
188,1754.7148,996.2582,1
189,1569.9235,967.8782,1
189,1756.0858,992.3426,1
190,1574.2228,968.6626,1
190,1755.8397,987.1625,1
191,1579.5037,968.0014,1
191,1756.4048,982.8654,1
192,1582.9378,967.635,1
192,1757.9299,978.7584,1
193,1587.0479,966.9693,1
193,1752.5435,975.2548,1
194,1592.9291,966.7747,1
194,1734.0941,972.3957,1
195,1597.1041,966.4829,1
195,1719.4384,974.4097,1
196,1602.5689,966.3096,1
196,1706.1997,971.9959,1
197,1694.0614,966.299,1
197,1605.0863,966.5878,1
198,1685.9413,962.8592,1
198,1607.2197,965.5207,1
199,1675.2956,959.1109,1
199,1609.5479,965.4356,1
200,1613.036,965.6226,1
200,1666.2751,955.7441,1
201,1615.0559,965.4614,1
201,1654.7615,952.6022,1
202,1620.81,965.317,1
202,1649.4697,947.3978,1
203,1640.3275,945.1558,1
203,1627.4835,964.9112,1
204,1633.0159,942.7405,1
204,1628.6408,965.8977,1
205,1624.62,939.9254,1
205,1629.644,967.6259,1
206,1615.7373,937.2989,1
206,1632.2588,968.4391,1
207,1610.6673,934.4185,1
207,1636.7691,969.1459,1
208,1640.9062,967.86,1
208,1602.4228,931.9713,1
209,1593.8782,930.2005,1
209,1646.3493,967.4739,1
210,1589.349,928.34,1
210,1649.9267,963.183,1
211,1651.4869,961.2982,1
211,1581.0856,925.4383,1
212,1653.3148,963.186,1
212,1575.318,924.2877,1
213,1654.3964,963.1358,1
213,1568.0199,922.4166,1
214,1656.9057,963.5979,1
214,1561.9332,921.4027,1
215,1659.7585,964.2302,1
215,1555.9384,919.369,1
216,1662.9681,964.4552,1
216,1550.644,916.6938,1
217,1665.8749,964.6878,1
217,1545.793,914.6858,1
218,1666.0155,959.6292,1
218,1538.5517,912.719,1
219,1534.0468,911.3221,1
219,1664.7311,948.4146,1
220,1661.0185,940.9682,1
220,1528.1413,909.337,1
221,1655.7971,935.2408,1
221,1524.1502,907.2059,1
222,1652.555,932.1248,1
222,1518.2149,905.7406,1
223,1512.8231,904.8742,1
223,1650.2809,927.5344,1
224,1650.2133,921.1033,1
224,1508.5751,904.2754,1
225,1650.0214,917.8094,1
225,1504.1514,903.4941,1
226,1649.6942,913.1932,1
226,1498.3756,901.7856,1
227,1649.5103,908.3596,1
227,1493.1218,903.8817,1
228,1487.995,913.593,1
228,1648.3449,904.1994,1
229,1485.3559,924.6373,1
229,1647.1659,900.3598,1
230,1485.199,931.7706,1
230,1646.5413,896.2452,1
231,1481.8488,937.3475,1
231,1645.7626,891.9588,1
232,1645.5138,887.5432,1
232,1477.0086,943.7072,1
233,1644.7377,883.1732,1
233,1471.0733,948.895,1
234,1466.2413,953.2786,1
234,1644.7837,879.9462,1
235,1461.0145,958.7506,1
235,1645.0757,877.1722,1
236,1456.2419,963.2362,1
236,1644.0077,874.2037,1
237,1452.9944,967.1258,1
237,1643.1424,871.1774,1
238,1642.0878,867.7832,1
238,1447.4566,972.4154,1
239,1640.7629,864.4164,1
239,1442.5164,976.9572,1
240,1640.2221,860.2774,1
240,1440.1288,980.6447,1
241,1639.9084,858.154,1
241,1435.5671,985.6881,1
242,1433.1065,989.0534,1
242,1639.6299,856.216,1
243,1429.7373,992.9187,1
243,1639.2,853.442,1
244,1638.4672,851.1711,1
244,1424.9323,996.3311,1
245,1637.637,848.4503,1
245,1419.2133,999.1766,1
246,1636.5852,846.526,1
246,1416.0442,1002.4795,1
247,1412.2343,1005.7323,1
247,1634.4923,842.9388,1
248,1409.2626,1008.9669,1
248,1633.3215,839.6875,1
249,1405.4851,1012.0829,1
249,1632.8428,836.2158,1
250,1402.0619,1015.515,1
250,1632.5265,834.3371,1
251,1398.717,1018.7572,1
251,1631.8667,832.3961,1
252,1632.44,830.449,1
252,1395.9508,1020.2377,1
253,1631.626,829.3926,1
253,1394.9666,1023.2123,1
254,1391.0404,1026.7326,1
254,1631.0366,827.9531,1
255,1387.9686,1029.9657,1
255,1630.0983,825.3798,1
256,1384.8752,1033.0619,1
256,1629.644,822.8763,1
257,1628.4002,819.7284,1
257,1384.1803,1036.1642,1
258,1627.9648,817.0821,1
258,1388.65,1043.4101,1
259,1627.6268,814.7094,1
259,1395.2667,1049.9886,1
260,1399.1848,1056.663,1
260,1627.4619,812.8094,1
261,1626.7805,811.262,1
261,1402.8541,1064.8618,1
262,1626.164,809.4228,1
262,1404.1791,1070.3946,1
263,1405.1931,1076.6844,1
263,1625.5556,808.4591,1
264,1406.4099,1082.8602,1
264,1624.3496,806.5166,1
265,1623.798,805.1379,1
265,1407.2211,1091.0773,1
266,1622.8435,802.9826,1
266,1407.7376,1096.5766,1
267,1409.3491,1102.3967,1
267,1622.9678,801.0522,1
268,1409.3843,1108.9206,1
268,1622.1945,799.2555,1
269,1621.8186,797.506,1
269,1410.0035,1114.3515,1
270,1621.1859,795.758,1
270,1409.6222,1118.831,1
271,1409.4194,1123.397,1
271,1620.6559,794.2091,1
272,1410.09,1128.6122,1
272,1620.6154,792.3243,1
273,1620.2692,790.365,1
273,1411.5989,1133.8835,1
274,1619.1255,789.0396,1
274,1412.6129,1139.3266,1
275,1614.8504,789.0396,1
275,1414.046,1143.99,1
276,1414.795,1147.7809,1
276,1607.0954,793.4689,1
277,1415.617,1152.9048,1
277,1599.1808,799.3422,1
278,1416.193,1156.7291,1
278,1592.9156,802.6041,1
279,1588.8325,802.7074,1
279,1417.5531,1161.85,1
280,1580.6908,798.8208,1
280,1418.0128,1165.7807,1
281,1574.1282,795.0497,1
281,1418.632,1169.941,1
282,1421.1872,1173.4734,1
282,1568.6932,791.3956,1
283,1421.5063,1176.2201,1
283,1560.9597,788.3754,1
284,1421.7308,1179.479,1
284,1554.1997,786.2398,1
285,1422.2175,1182.9704,1
285,1545.6307,784.4598,1
286,1537.754,782.4078,1
286,1422.1282,1186.8434,1
287,1532.0485,780.406,1
287,1423.3126,1190.7589,1
288,1424.213,1194.5133,1
288,1525.9321,777.1441,1
289,1424.6727,1197.9926,1
289,1519.959,776.907,1
290,1425.5164,1200.5614,1
290,1514.2616,774.8732,1
291,1426.1139,1203.0146,1
291,1508.2642,773.6754,1
292,1426.433,1205.8388,1
292,1503.6322,772.2801,1
293,1496.1746,770.5503,1
293,1426.9143,1209.1357,1
294,1491.859,769.8298,1
294,1427.2794,1212.5359,1
295,1486.8458,768.2673,1
295,1428.0284,1215.9286,1
296,1429.3371,1219.0734,1
296,1482.4977,767.369,1
297,1430.0996,1222.4433,1
297,1475.5647,766.577,1
298,1430.8649,1224.7202,1
298,1470.6434,765.9523,1
299,1431.457,1227.4669,1
299,1466.2088,765.5693,1
300,1461.4065,764.3518,1
300,1432.398,1230.5905,1
301,1455.647,763.8334,1
301,1433.5202,1232.8401,1
302,1450.934,762.85,1
302,1432.6711,1236.3437,1
303,1445.964,761.9365,1
303,1433.193,1239.142,1
304,1433.9745,1241.6454,1
304,1440.994,761.1142,1
305,1434.8722,1243.8494,1
305,1435.3481,759.1655,1
306,1433.4201,758.901,1
306,1437.1976,1244.8435,1
307,1437.4356,1246.9062,1
307,1429.4615,758.9208,1
308,1426.5952,757.8234,1
308,1437.6032,1249.8413,1
309,1421.4117,757.6972,1
309,1437.4843,1251.7413,1
310,1415.7062,758.5119,1
310,1437.2842,1253.7021,1
311,1409.7304,758.5834,1
311,1437.3491,1256.0596,1
312,1406.7993,758.0088,1
312,1437.3572,1257.5066,1
313,1402.7108,758.0042,1
313,1438.9958,1260.539,1
314,1439.5961,1263.5152,1
314,1399.1524,757.1181,1
315,1440.3289,1265.6082,1
315,1396.3321,756.919,1
316,1441.0427,1267.5523,1
316,1392.7763,756.2486,1
317,1441.3645,1269.5587,1
317,1388.5932,755.6969,1
318,1441.935,1271.4998,1
318,1383.4421,755.4415,1
319,1441.9837,1272.9818,1
319,1379.1428,754.183,1
320,1442.2027,1274.9897,1
320,1375.7573,753.046,1
321,1442.1919,1277.1344,1
321,1371.6446,752.4745,1
322,1367.5372,751.0457,1
322,1442.4245,1278.9508,1
323,1366.4096,749.8646,1
323,1442.3596,1280.9648,1
324,1360.7528,749.3919,1
324,1444.1118,1283.1323,1
325,1357.4161,749.1852,1
325,1444.6336,1283.9197,1
326,1445.0473,1285.5081,1
326,1355.6261,750.4331,1
327,1445.2258,1287.5327,1
327,1353.0789,762.964,1
327,1409.1301,754.2301,1
328,1446.0397,1289.1971,1
328,1357.9136,786.5787,1
329,1446.5913,1290.3873,1
329,1378.1152,802.7789,1
330,1446.8076,1292.2736,1
330,1394.7016,810.6692,1
331,1446.5075,1293.7389,1
331,1403.6437,822.2607,1
332,1446.4967,1295.227,1
332,1410.8012,835.4209,1
333,1446.5048,1296.6634,1
333,1415.3223,851.9478,1
334,1446.6968,1298.0526,1
334,1424.0454,872.0514,1
335,1447.2565,1298.9373,1
335,1427.9391,885.6493,1
336,1447.6486,1300.7172,1
336,1435.4752,899.7534,1
337,1443.1113,913.5291,1
337,1448.3597,1302.6354,1
338,1448.8465,1304.4002,1
338,1449.7902,927.5663,1
339,1455.7903,938.0118,1
339,1449.1628,1307.1377,1
340,1449.9064,1307.9433,1
340,1462.3827,949.5349,1
341,1465.9114,960.4105,1
341,1449.8632,1308.6288,1
342,1449.9984,1310.3722,1
342,1475.3538,970.824,1
343,1450.2607,1311.5837,1
343,1480.002,979.7418,1
344,1450.6771,1312.8027,1
344,1486.0481,990.2496,1
345,1450.7663,1314.1282,1
345,1492.1835,999.7724,1
346,1451.2882,1315.145,1
346,1495.6689,1007.8193,1
347,1451.4856,1316.168,1
347,1502.2667,1018.4745,1
348,1451.5964,1317.3278,1
348,1506.4065,1026.035,1
349,1451.5424,1318.1212,1
349,1511.4711,1034.629,1
350,1452.0156,1319.1639,1
350,1517.7525,1041.501,1
351,1451.8641,1320.1702,1
351,1521.3786,1048.5963,1
352,1452.24,1321.2144,1
352,1525.2696,1055.485,1
353,1452.2805,1321.7464,1
353,1529.2634,1061.7793,1
354,1452.3779,1322.6842,1
354,1534.7228,1070.083,1
355,1452.7889,1323.388,1
355,1538.0271,1075.593,1
356,1453.5541,1324.2438,1
356,1543.3972,1083.5518,1
357,1453.4703,1325.4947,1
357,1547.1477,1089.5679,1
358,1454.0652,1326.4918,1
358,1550.3276,1094.6371,1
359,1554.0861,1100.3371,1
359,1454.5681,1327.7899,1
360,1558.253,1107.5434,1
360,1454.2491,1328.6366,1
361,1562.2063,1112.3208,1
361,1454.8142,1329.0971,1
362,1566.2082,1117.501,1
362,1455.4523,1330.9257,1
363,1568.9041,1123.2146,1
363,1456.0229,1331.3239,1
364,1572.2219,1129.0803,1
364,1449.636,1329.1746,1
365,1576.0832,1134.7469,1
365,1433.7744,1325.8595,1
366,1419.5757,1321.1916,1
366,1577.5352,1140.8466,1
367,1408.2189,1316.399,1
367,1581.0775,1144.253,1
368,1399.5039,1314.5188,1
368,1583.9437,1149.0516,1
369,1587.0966,1154.6376,1
369,1392.6114,1313.2785,1
370,1385.654,1311.9698,1
370,1590.2819,1160.4136,1
371,1379.5402,1311.1459,1
371,1591.5176,1164.6924,1
372,1594.8003,1169.1338,1
372,1373.0615,1311.0334,1
373,1368.1916,1310.7933,1
373,1597.3718,1173.6513,1
374,1363.9436,1310.2096,1
374,1601.471,1179.3923,1
375,1358.4517,1309.9938,1
375,1603.8587,1182.7287,1
376,1355.1529,1309.86,1
376,1606.1084,1187.9879,1
377,1608.2959,1191.7408,1
377,1350.5966,1310.3358,1
378,1610.4105,1196.5562,1
378,1347.4816,1309.9618,1
379,1612.9225,1200.3987,1
379,1344.0394,1310.0014,1
380,1613.85,1203.4448,1
380,1340.0186,1309.8326,1
381,1336.6981,1309.445,1
381,1618.1466,1209.6038,1
382,1333.118,1309.9634,1
382,1619.4337,1213.1774,1
383,1620.3585,1216.915,1
383,1329.7434,1310.129,1
384,1326.6338,1310.5683,1
384,1623.0111,1219.7726,1
385,1324.2029,1310.2886,1
385,1624.8147,1224.7598,1
386,1321.607,1310.2476,1
386,1627.5592,1229.0614,1
387,1318.127,1310.3555,1
387,1630.4282,1232.4631,1
388,1315.204,1310.5197,1
388,1631.4449,1235.8922,1
389,1313.4923,1310.7249,1
389,1634.6545,1239.2879,1
390,1636.0741,1242.3325,1
390,1311.997,1310.9255,1
391,1637.8263,1245.9349,1
391,1308.498,1311.6946,1
392,1640.9981,1248.7514,1
392,1307.4813,1312.3665,1
393,1642.8179,1252.0818,1
393,1304.1906,1312.0093,1
394,1303.1171,1313.5247,1
394,1645.7301,1255.7571,1
395,1305.4452,1322.0474,1
395,1646.4656,1257.3683,1
396,1313.2463,1331.6446,1
396,1648.326,1261.0209,1
397,1318.9625,1338.0484,1
397,1649.8862,1263.6094,1
398,1651.4058,1265.7466,1
398,1323.6837,1342.9595,1
399,1653.5149,1269.6347,1
399,1328.751,1347.7582,1
400,1655.213,1271.9208,1
400,1332.1824,1350.6842,1
401,1655.9864,1273.9196,1
401,1334.7701,1354.6742,1
402,1658.3578,1277.7956,1
402,1336.5818,1356.7018,1
403,1338.3096,1357.3448,1
403,1661.224,1280.7642,1
404,1346.0782,1354.7198,1
404,1661.1051,1281.5302,1
405,1662.357,1284.701,1
405,1354.6418,1345.9357,1
406,1363.0323,1337.2732,1
406,1665.0935,1287.3701,1
407,1666.7456,1288.6758,1
407,1370.9604,1330.5259,1
408,1378.1017,1323.4822,1
408,1667.9732,1291.6793,1
409,1385.2781,1319.0742,1
409,1670.0472,1295.5386,1
410,1672.2185,1298.0998,1
410,1392.6411,1316.8155,1
411,1398.7197,1314.7909,1
411,1672.8648,1300.2414,1
412,1403.9925,1314.1358,1
412,1675.1659,1303.365,1
413,1412.4236,1314.5842,1
413,1677.2588,1304.8227,1
414,1421.3846,1315.5266,1
414,1677.1398,1305.6739,1
415,1427.6201,1316.9265,1
415,1677.9402,1308.945,1
416,1679.4517,1310.8784,1
416,1435.7807,1319.6853,1
417,1441.351,1319.2019,1
417,1681.7258,1313.2952,1
418,1446.1506,1321.3086,1
418,1682.3855,1314.876,1
419,1452.9133,1323.3728,1
419,1680.7253,1318.7581,1
420,1458.9053,1325.6634,1
420,1670.953,1322.6326,1
421,1465.9628,1327.4753,1
421,1658.5525,1328.1395,1
422,1472.4389,1328.6092,1
422,1649.0371,1330.6156,1
423,1639.8219,1334.4217,1
423,1476.6977,1330.9287,1
424,1633.5107,1338.7658,1
424,1480.7915,1331.558,1
425,1486.3428,1334.2606,1
425,1627.397,1343.6207,1
426,1490.6016,1336.761,1
426,1621.0994,1350.0382,1
427,1496.399,1337.6897,1
427,1612.5061,1350.5291,1
428,1604.586,1347.3721,1
428,1503.3402,1328.8494,1
429,1596.0657,1340.0259,1
429,1504.9112,1311.0243,1
430,1509.4296,1299.7125,1
430,1590.5063,1335.095,1
431,1582.6242,1333.3729,1
431,1516.5898,1287.326,1
432,1576.505,1331.8696,1
432,1523.4147,1275.283,1
433,1531.6511,1266.4914,1
433,1569.7883,1331.0534,1
434,1537.2727,1260.8324,1
434,1561.3653,1330.4621,1
435,1545.555,1252.9238,1
435,1557.385,1329.2674,1
436,1551.201,1246.4,1
436,1550.7656,1329.503,1
437,1558.0637,1239.5691,1
437,1541.4558,1328.2277,1
438,1535.4907,1327.8568,1
438,1564.7426,1233.2079,1
439,1571.0051,1227.8454,1
439,1528.336,1327.2458,1
440,1575.8669,1222.5862,1
440,1524.4233,1325.0402,1
441,1580.4907,1218.6296,1
441,1517.9769,1324.9034,1
442,1511.6036,1324.9825,1
442,1585.4796,1212.9494,1
443,1507.334,1324.4809,1
443,1591.953,1212.2836,1
444,1502.6236,1323.9002,1
444,1601.4602,1217.3923,1
445,1498.062,1323.1038,1
445,1607.5523,1227.9685,1
446,1492.6459,1321.8026,1
446,1609.3343,1237.397,1
447,1609.1017,1245.7601,1
447,1487.3568,1321.2463,1
448,1608.3933,1251.4388,1
448,1484.112,1321.0077,1
449,1481.3837,1320.8678,1
449,1607.9633,1257.0248,1
450,1609.9183,1260.7017,1
450,1476.2948,1321.5245,1
451,1611.2568,1263.8952,1
451,1473.3528,1320.6201,1
452,1613.3903,1268.4856,1
452,1466.7713,1320.7386,1
453,1613.923,1272.8495,1
453,1464.4621,1323.4838,1
454,1616.1294,1276.1251,1
454,1462.572,1334.487,1
455,1463.8239,1336.2609,1
455,1617.9736,1280.03,1
456,1460.2249,1331.3209,1
456,1618.5874,1283.605,1
457,1619.9637,1286.0355,1
457,1453.3919,1325.4537,1
458,1621.8322,1288.7624,1
458,1443.3222,1318.5666,1
459,1623.9602,1292.0562,1
459,1432.8685,1313.1675,1
460,1625.4447,1295.3835,1
460,1424.7241,1309.2718,1
461,1626.7399,1298.0602,1
461,1416.6148,1307.0495,1
462,1627.6782,1300.547,1
462,1411.0175,1305.5006,1
463,1629.6954,1303.5201,1
463,1404.1926,1304.5567,1
464,1398.5872,1303.707,1
464,1630.1956,1305.7575,1
465,1631.5341,1307.8703,1
465,1393.9553,1304.4275,1
466,1633.0375,1310.4452,1
466,1389.5315,1305.0522,1
467,1633.773,1312.4668,1
467,1382.4119,1305.2149,1
468,1634.6626,1315.443,1
468,1376.7524,1305.1358,1
469,1635.217,1318.2474,1
469,1370.7441,1305.5538,1
470,1636.1444,1320.2538,1
470,1366.3042,1306.82,1
471,1638.5429,1322.7055,1
471,1361.3775,1306.5434,1
472,1640.0706,1324.379,1
472,1356.9429,1306.9538,1
473,1640.2302,1327.2397,1
473,1354.6391,1307.0434,1
474,1349.7151,1307.3459,1
474,1638.9674,1330.9515,1
475,1639.5569,1332.0353,1
475,1345.7456,1307.8977,1
476,1341.5463,1307.7715,1
476,1639.1378,1331.9593,1
477,1338.1717,1307.8749,1
477,1632.4102,1331.4258,1
478,1334.5457,1308.492,1
478,1620.856,1327.1986,1
479,1329.6325,1308.5923,1
479,1608.8205,1314.914,1
480,1326.5662,1308.9054,1
480,1595.8359,1303.4471,1
481,1322.8833,1308.7489,1
481,1584.5251,1293.3133,1
482,1574.5392,1288.5025,1
482,1319.1897,1306.6604,1
483,1315.8827,1295.417,1
483,1565.4592,1285.689,1
484,1557.0497,1287.1603,1
484,1313.5464,1281.2323,1
485,1546.4609,1287.7531,1
485,1316.9562,1271.863,1
486,1537.8216,1289.2564,1
486,1321.05,1263.0911,1
487,1529.6663,1290.8919,1
487,1320.5146,1254.3359,1
488,1319.9657,1246.1021,1
488,1522.8468,1293.0351,1
488,1318.3082,1380.923,1
489,1515.5514,1296.4582,1
489,1318.0432,1237.4472,1
490,1315.3392,1228.9778,1
490,1509.1213,1299.0589,1
491,1500.7173,1301.1595,1
491,1313.2679,1221.7304,1
492,1492.4782,1303.4365,1
492,1311.4995,1214.3386,1
493,1308.8117,1207.4257,1
493,1485.099,1304.917,1
494,1306.5404,1201.3822,1
494,1481.792,1307.1726,1
495,1301.3973,1194.8811,1
495,1476.073,1309.214,1
496,1468.9345,1311.1459,1
496,1300.0859,1189.7542,1
497,1462.7964,1312.5717,1
497,1297.9552,1184.4782,1
498,1456.5907,1313.7907,1
498,1294.3859,1176.1304,1
499,1451.5018,1315.9081,1
499,1293.4827,1169.7449,1
500,1444.8581,1317.3247,1
500,1291.1248,1165.197,1
501,1290.8382,1159.0638,1
501,1440.3424,1318.565,1
502,1290.9031,1153.6937,1
502,1435.4617,1320.7979,1
503,1296.5328,1147.4571,1
503,1431.6788,1321.9014,1
504,1426.5466,1323.3226,1
504,1307.5003,1143.1342,1
505,1422.6907,1324.8502,1
505,1317.9053,1142.0155,1
506,1416.9122,1315.7637,1
506,1324.6112,1140.7174,1
507,1331.6389,1136.2806,1
507,1409.0138,1308.8006,1
508,1337.9392,1129.3767,1
508,1396.5268,1308.7838,1
509,1342.1683,1122.6948,1
509,1377.5934,1311.6688,1
510,1363.4028,1311.795,1
510,1350.7372,1114.9519,1
511,1356.3345,1107.773,1
511,1350.045,1313.9093,1
512,1361.4829,1102.342,1
512,1336.6061,1315.4551,1
513,1367.5128,1097.0752,1
513,1324.3895,1316.4051,1
514,1312.5189,1317.2411,1
514,1370.1222,1093.1551,1
515,1377.1229,1087.5691,1
515,1301.254,1320.4483,1
516,1382.0982,1081.9269,1
516,1290.8626,1321.7114,1
517,1386.7248,1077.2529,1
517,1278.7405,1323.6236,1
518,1269.5794,1325.0068,1
518,1392.5303,1071.8842,1
519,1262.6544,1327.8173,1
519,1397.5786,1067.6237,1
520,1402.4539,1062.6746,1
520,1251.9574,1329.1321,1
521,1405.815,1059.171,1
521,1241.6173,1330.8603,1
522,1410.3361,1055.4181,1
522,1233.4945,1331.9167,1
523,1414.768,1051.5451,1
523,1226.1937,1333.9961,1
524,1218.1196,1336.6044,1
524,1418.8645,1048.0111,1
525,1210.5294,1334.1861,1
525,1424.6078,1044.1579,1
526,1429.3317,1041.5846,1
526,1203.6748,1308.305,1
527,1187.8888,1297.244,1
527,1434.2584,1037.514,1
528,1174.5906,1294.28,1
528,1438.0872,1033.4191,1
529,1440.6723,1030.0402,1
529,1163.2797,1289.7367,1
530,1152.0419,1287.9234,1
530,1444.1631,1026.8086,1
531,1447.1186,1023.5163,1
531,1143.2891,1286.3274,1
532,1133.7899,1286.7606,1
532,1449.2575,1021.7866,1
533,1124.1718,1286.5143,1
533,1454.2139,1018.517,1
534,1457.2153,1015.775,1
534,1118.0445,1286.5113,1
535,1111.3088,1286.5356,1
535,1459.7192,1012.3306,1
536,1104.2703,1286.3182,1
536,1463.5941,1009.6326,1
537,1467.0741,1007.2508,1
537,1099.5735,1285.3834,1
538,1470.2459,1004.5741,1
538,1092.5512,1287.136,1
539,1086.3644,1286.829,1
539,1473.3204,1001.5098,1
540,1081.746,1287.1679,1
540,1476.1704,999.3878,1
541,1075.2862,1287.2333,1
541,1480.2129,996.1214,1
542,1070.419,1288.387,1
542,1482.1408,994.1986,1
543,1065.1218,1288.276,1
543,1485.2964,990.5232,1
544,1061.3362,1289.5148,1
544,1488.5358,988.9667,1
545,1061.7418,1298.5086,1
545,1490.8585,986.5286,1
546,1493.0569,984.6636,1
546,1067.504,1306.9538,1
547,1495.4148,982.2529,1
547,1068.8209,1307.0495,1
548,1499.9629,981.3637,1
548,1070.5812,1304.8318,1
549,1507.0879,985.1135,1
549,1073.2825,1303.6614,1
550,1073.0391,1302.1202,1
550,1515.2486,992.5737,1
551,1069.6402,1301.1899,1
551,1517.8904,999.6918,1
552,1068.153,1300.439,1
552,1519.8751,1006.0059,1
553,1067.8069,1300.4801,1
553,1522.882,1012.0069,1
554,1526.4215,1015.5074,1
554,1067.5771,1299.98,1
555,1066.8253,1298.7974,1
555,1530.4288,1019.5674,1
556,1065.111,1297.5678,1
556,1535.5908,1022.8004,1
557,1064.462,1296.5858,1
557,1539.9767,1025.965,1
558,1064.2782,1296.2955,1
558,1544.806,1028.6433,1
559,1549.7706,1032.4874,1
559,1073.5123,1294.391,1
560,1553.8536,1034.8905,1
560,1086.789,1287.2819,1
561,1559.2319,1037.6386,1
561,1103.2428,1276.037,1
562,1113.6478,1268.288,1
562,1562.4253,1040.1953,1
563,1120.5241,1261.4222,1
563,1565.4619,1043.7642,1
564,1128.8308,1257.5006,1
564,1568.7905,1045.719,1
565,1572.3138,1047.9822,1
565,1136.7237,1254.3466,1
566,1576.5564,1050.8049,1
566,1142.7401,1250.4736,1
567,1149.4217,1247.6677,1
567,1578.771,1052.6091,1
568,1154.6026,1245.2813,1
568,1582.3159,1055.1308,1
569,1159.5644,1242.7915,1
569,1585.923,1058.3851,1
570,1166.2731,1241.837,1
570,1587.7131,1060.9281,1
571,1591.1472,1063.1822,1
571,1172.568,1240.1087,1
572,1593.9242,1065.1187,1
572,1178.4221,1238.7073,1
573,1184.3709,1237.4426,1
573,1597.8017,1067.9566,1
574,1189.2625,1236.6629,1
574,1600.2624,1069.5161,1
575,1192.2504,1236.5823,1
575,1603.1016,1071.2762,1
576,1196.4903,1236.3194,1
576,1603.9722,1072.8753,1
577,1606.7222,1074.8498,1
577,1200.5571,1235.988,1
578,1609.2532,1076.803,1
578,1206.1138,1234.6276,1
579,1612.3573,1080.1561,1
579,1211.4866,1234.1655,1
580,1613.8229,1081.4511,1
580,1215.3696,1233.3903,1
581,1616.2268,1084.3756,1
581,1219.3985,1232.8492,1
582,1618.9957,1086.0248,1
582,1223.2653,1232.1014,1
583,1621.4266,1088.317,1
583,1226.5912,1230.6118,1
584,1624.1819,1090.0862,1
584,1229.0708,1229.601,1
585,1233.7054,1228.8197,1
585,1625.1446,1091.1335,1
586,1237.1152,1226.2357,1
586,1626.2099,1093.2235,1
587,1240.433,1218.663,1
587,1625.1581,1097.5358,1
588,1620.6262,1102.8588,1
588,1245.2623,1215.0667,1
589,1617.2489,1107.0464,1
589,1251.9439,1213.4753,1
590,1612.9982,1112.4986,1
590,1259.8747,1212.1514,1
591,1611.4299,1115.2605,1
591,1267.9435,1209.9337,1
592,1612.0761,1121.4925,1
592,1273.4921,1208.4167,1
593,1612.0383,1125.5782,1
593,1279.7383,1206.1124,1
594,1611.8977,1130.5547,1
594,1286.8444,1205.3205,1
595,1611.0486,1134.8366,1
595,1293.6693,1204.0346,1
596,1301.0053,1201.9932,1
596,1610.9864,1138.4526,1
597,1611.438,1142.5794,1
597,1308.8928,1200.6632,1
598,1314.2981,1198.5823,1
598,1611.4812,1146.4235,1
599,1318.7056,1196.2613,1
599,1612.0302,1150.184,1
600,1611.4488,1153.9323,1
600,1323.5188,1194.4798,1
601,1610.7133,1157.7946,1
601,1329.4838,1193.5359,1
602,1333.9102,1191.8366,1
602,1610.808,1161.4943,1
603,1339.256,1190.0506,1
603,1611.0459,1165.4129,1
604,1610.9513,1169.2266,1
604,1346.7759,1193.5359,1
605,1610.7944,1172.0826,1
605,1353.0059,1199.739,1
606,1357.8947,1201.3609,1
606,1610.4294,1174.7077,1
607,1363.0621,1203.4494,1
607,1610.0752,1178.6308,1
608,1369.4705,1205.6944,1
608,1609.8075,1181.6374,1
609,1375.8195,1207.7084,1
609,1608.9746,1185.0786,1
610,1382.7932,1208.8256,1
610,1609.6533,1188.5518,1
611,1609.0314,1190.6266,1
611,1389.0664,1210.2696,1
612,1608.7232,1193.2228,1
612,1393.7714,1210.259,1
613,1609.0666,1195.4891,1
613,1398.3303,1212.3596,1
614,1609.0747,1197.7615,1
614,1402.8487,1213.2777,1
615,1407.3455,1215.5075,1
615,1608.9557,1200.6404,1
616,1411.6638,1216.7281,1
616,1608.8205,1202.7608,1
617,1416.0983,1217.441,1
617,1608.4474,1206.4787,1
618,1421.2386,1218.3651,1
618,1607.6956,1209.5218,1
619,1426.9873,1219.2574,1
619,1608.4095,1212.0024,1
620,1431.1785,1220.9567,1
620,1608.3662,1213.1865,1
621,1608.0336,1215.2126,1
621,1435.5725,1222.1271,1
622,1608.5609,1217.7328,1
622,1438.985,1222.4706,1
623,1443.1032,1223.8812,1
623,1608.4203,1219.4869,1
624,1446.9266,1225.4377,1
624,1608.2121,1221.5009,1
625,1449.6658,1228.1904,1
625,1607.7768,1223.337,1
626,1607.5064,1225.4103,1
626,1451.0664,1233.857,1
627,1450.7663,1237.8074,1
627,1607.6902,1227.9046,1
628,1454.1166,1239.6314,1
628,1607.2819,1231.5952,1
629,1457.6318,1241.4995,1
629,1606.66,1233.8281,1
630,1461.7445,1244.6961,1
630,1606.9169,1235.5122,1
631,1465.2246,1247.1418,1
631,1606.825,1237.169,1
632,1468.2477,1249.2622,1
632,1606.7492,1239.0538,1
633,1472.4632,1251.5954,1
633,1606.7249,1241.0694,1
634,1474.9211,1253.4482,1
634,1606.5032,1242.2306,1
635,1477.5954,1255.4166,1
635,1606.7303,1243.7886,1
636,1606.2706,1245.8057,1
636,1478.4147,1256.3986,1
637,1606.3004,1247.768,1
637,1481.4459,1259.1999,1
638,1483.5712,1260.1408,1
638,1606.1706,1249.3442,1
639,1485.6236,1262.0134,1
639,1605.8894,1251.4692,1
640,1487.5164,1263.4407,1
640,1604.2372,1253.5045,1
641,1489.9743,1265.6538,1
641,1601.1763,1254.3177,1
642,1490.8856,1267.8974,1
642,1594.638,1252.7171,1
643,1490.4637,1272.4437,1
643,1586.4476,1249.6726,1
644,1489.8012,1276.0491,1
644,1579.4443,1244.9925,1
645,1575.4586,1241.1074,1
645,1490.4854,1279.5132,1
646,1570.0587,1238.4595,1
646,1491.3047,1283.0046,1
647,1566.6597,1236.3285,1
647,1491.9104,1283.5625,1
648,1492.562,1283.1323,1
648,1561.4194,1235.9576,1
649,1557.8582,1235.8983,1
649,1495.5418,1281.2612,1
650,1497.5969,1281.6397,1
650,1553.3425,1235.608,1
651,1498.5189,1281.6731,1
651,1548.8458,1235.5533,1
652,1502.0882,1280.8523,1
652,1544.3869,1235.6186,1
653,1510.084,1278.8414,1
653,1541.2043,1236.3239,1
654,1515.7813,1277.8062,1
654,1537.4647,1236.523,1
655,1534.0603,1236.8848,1
655,1520.1401,1279.9434,1
656,1530.8344,1236.4318,1
656,1522.6062,1282.614,1
657,1527.7276,1236.3832,1
657,1527.7952,1279.6546,1
658,1536.9779,1277.3822,1
658,1525.6049,1236.2038,1
659,1542.9727,1277.2697,1
659,1523.6688,1235.7965,1
660,1550.1978,1277.6238,1
660,1519.8346,1237.321,1
661,1555.2408,1278.399,1
661,1519.356,1236.5504,1
662,1561.852,1279.1621,1
662,1516.8791,1236.4866,1
663,1565.2185,1279.802,1
663,1514.651,1236.5838,1
664,1571.1971,1276.6951,1
664,1510.1894,1236.4318,1
665,1577.0161,1273.4013,1
665,1506.5633,1236.6735,1
666,1583.1001,1272.0561,1
666,1505.2357,1237.0216,1
667,1590.82,1271.4709,1
667,1502.5695,1237.4214,1
668,1598.0937,1270.907,1
668,1501.3284,1237.9184,1
669,1498.8353,1238.2467,1
669,1604.5212,1270.9769,1
670,1610.7485,1268.7166,1
670,1497.2021,1238.4094,1
671,1615.5291,1269.9646,1
671,1495.5878,1239.0447,1
672,1493.4814,1241.4676,1
672,1620.9101,1269.4523,1
673,1626.5588,1270.5482,1
673,1494.8983,1247.011,1
674,1633.1484,1270.1333,1
674,1499.8385,1254.1718,1
675,1637.4369,1271.0635,1
675,1503.5105,1259.9295,1
676,1642.4988,1271.252,1
676,1505.7116,1264.6552,1
677,1508.202,1267.3289,1
677,1646.3088,1271.3402,1
678,1509.2809,1269.3094,1
678,1649.5671,1270.5118,1
679,1653.7285,1270.9875,1
679,1509.5432,1270.8446,1
680,1655.5781,1271.8889,1
680,1511.0736,1273.8634,1
681,1659.772,1271.4298,1
681,1510.9222,1274.4334,1
682,1664.5337,1271.7886,1
682,1510.0542,1274.8134,1
683,1668.0354,1272.3023,1
683,1509.8622,1274.6431,1
684,1670.8584,1272.1944,1
684,1509.4999,1274.5489,1
685,1676.8207,1271.8174,1
685,1509.1484,1274.5048,1
686,1679.1002,1272.3616,1
686,1508.7779,1274.5398,1
687,1683.2481,1272.3692,1
687,1508.9645,1274.7358,1
688,1508.494,1274.3209,1
688,1685.7493,1272.9863,1
689,1508.2966,1274.5443,1
689,1688.9238,1273.3496,1
690,1508.1722,1274.6355,1
690,1691.6359,1272.4376,1
691,1508.0857,1274.5063,1
691,1692.4715,1272.6261,1
692,1696.8682,1271.9406,1
692,1508.0857,1274.2479,1
693,1697.5415,1272.5562,1
693,1508.1912,1274.0518,1
694,1701.0431,1272.9073,1
694,1508.0451,1273.573,1
695,1702.7953,1273.5776,1
695,1507.9856,1273.4986,1
696,1706.5539,1273.6688,1
696,1507.9775,1273.2493,1
697,1708.0627,1272.582,1
697,1507.8207,1272.8632,1
698,1507.8883,1272.6717,1
698,1707.7869,1264.073,1
699,1508.037,1272.3388,1
699,1706.3186,1254.4621,1
700,1507.599,1271.5332,1
700,1699.1098,1241.422,1
701,1506.6309,1271.4739,1
701,1692.6553,1230.9279,1
702,1505.2032,1270.7109,1
702,1686.9093,1223.5696,1
703,1504.3785,1270.3765,1
703,1682.5586,1214.176,1
704,1503.5754,1271.3979,1
704,1677.5508,1208.701,1
705,1674.3709,1199.2435,1
705,1502.9508,1273.0821,1
706,1670.9909,1192.6619,1
706,1502.456,1273.453,1
707,1502.4154,1273.2113,1
707,1666.7294,1185.5605,1
708,1664.1795,1177.1883,1
708,1502.3397,1273.1398,1
709,1662.238,1170.9822,1
709,1502.045,1273.2903,1
710,1501.9665,1273.3648,1
710,1660.5264,1164.6346,1
711,1655.7457,1157.7536,1
711,1502.3938,1273.5882,1
712,1654.8426,1151.967,1
712,1505.3709,1274.409,1
713,1652.7254,1145.6681,1
713,1510.6437,1273.6369,1
714,1518.2744,1273.991,1
714,1650.2269,1140.8451,1
715,1526.4323,1271.2505,1
715,1648.6883,1134.8396,1
716,1532.5055,1267.7013,1
716,1646.1033,1130.3222,1
717,1540.7906,1265.9898,1
717,1644.5647,1125.297,1
718,1546.058,1263.7128,1
718,1640.5141,1119.483,1
719,1551.4984,1262.4178,1
719,1640.6304,1115.3426,1
720,1557.2931,1263.0258,1
720,1637.6262,1111.9925,1
721,1634.5518,1106.0782,1
721,1561.533,1263.4453,1
722,1633.2403,1102.1763,1
722,1564.8156,1262.9194,1
723,1569.3502,1263.4772,1
723,1630.8824,1097.3108,1
724,1572.8465,1263.8511,1
724,1629.4845,1093.9273,1
725,1576.8457,1264.64,1
725,1627.8729,1090.5422,1
726,1580.1121,1265.2419,1
726,1624.793,1085.9686,1
727,1622.1702,1081.9162,1
727,1584.4791,1265.1142,1
728,1620.4802,1078.4841,1
728,1587.1317,1265.5672,1
729,1618.4413,1074.6613,1
729,1590.4144,1266.4199,1
730,1593.8998,1267.0173,1
730,1617.4192,1070.9829,1
731,1596.6606,1267.3821,1
731,1611.1622,1067.9824,1
732,1600.5517,1268.1345,1
732,1603.3125,1071.2899,1
733,1593.5591,1077.8487,1
733,1602.3363,1268.7714,1
734,1584.4926,1085.511,1
734,1606.2706,1268.6239,1
735,1607.0575,1269.2486,1
735,1576.9971,1092.8146,1
736,1610.0265,1269.5678,1
736,1570.5265,1095.7954,1
737,1611.9139,1270.7078,1
737,1565.7133,1098.5131,1
738,1614.845,1271.7171,1
738,1558.4098,1102.5624,1
739,1615.8671,1271.7779,1
739,1551.3848,1104.5794,1
740,1620.2233,1272.4665,1
740,1545.7254,1106.639,1
741,1621.8971,1272.4558,1
741,1539.225,1108.7488,1
742,1623.6871,1273.3025,1
742,1532.1216,1110.9543,1
743,1626.9995,1273.7311,1
743,1526.2025,1113.8317,1
744,1628.3515,1272.6291,1
744,1522.3817,1115.4718,1
745,1629.4358,1266.4518,1
745,1518.2014,1117.8414,1
746,1513.4883,1120.085,1
746,1634.4409,1258.3715,1
747,1508.5292,1122.0306,1
747,1632.3642,1248.6572,1
748,1504.9139,1123.7132,1
748,1631.6206,1241.381,1
749,1498.9948,1124.8304,1
749,1634.8087,1232.343,1
750,1494.1168,1127.2031,1
750,1635.4792,1226.751,1
751,1491.2046,1128.9739,1
751,1639.6975,1220.3122,1
752,1487.1297,1131.3147,1
752,1641.6038,1214.819,1
753,1483.1305,1133.0931,1
753,1646.6251,1210.0234,1
754,1479.8073,1135.1922,1
754,1647.3904,1207.2752,1
755,1650.7325,1199.7786,1
755,1477.2276,1137.5893,1
756,1652.4306,1195.3614,1
756,1474.1397,1138.9755,1
757,1653.8529,1191.0553,1
757,1468.8398,1140.6582,1
758,1465.3571,1142.1736,1
758,1654.9048,1185.9526,1
759,1655.5267,1182.2134,1
759,1462.088,1143.8061,1
760,1658.4632,1178.0502,1
760,1457.8129,1145.0494,1
761,1660.694,1173.2515,1
761,1455.4523,1147.1486,1
762,1661.2348,1169.9987,1
762,1451.8722,1147.9359,1
763,1449.5279,1150.3041,1
763,1663.1385,1166.2261,1
764,1445.7693,1151.2784,1
764,1665.7722,1162.3805,1
765,1442.8571,1153.2073,1
765,1666.8997,1158.5729,1
766,1440.8832,1154.7425,1
766,1667.8326,1155.5678,1
767,1669.866,1151.0808,1
767,1438.3279,1155.9934,1
768,1670.5907,1147.3203,1
768,1436.3972,1157.3645,1
769,1671.2234,1144.1344,1
769,1436.3675,1162.3501,1
770,1439.4798,1170.4912,1
770,1671.9914,1141.3437,1
771,1442.6976,1176.1927,1
771,1676.6828,1137.7276,1
772,1444.0955,1181.2422,1
772,1678.1673,1135.177,1
773,1677.8969,1131.0898,1
773,1448.3192,1186.0499,1
774,1678.0375,1129.2293,1
774,1450.0497,1189.8849,1
775,1451.6992,1192.554,1
775,1680.2142,1125.9841,1
776,1681.769,1123.0398,1
776,1453.4433,1195.6411,1
777,1454.606,1198.6249,1
777,1683.6077,1120.1047,1
778,1454.5871,1201.677,1
778,1690.9248,1120.4969,1
779,1697.0358,1125.5098,1
779,1454.8791,1204.6,1
780,1701.3811,1132.6994,1
780,1455.5524,1206.5562,1
781,1455.6687,1208.4593,1
781,1705.6453,1139.2035,1
782,1710.572,1142.5004,1
782,1455.4983,1209.654,1
783,1713.7519,1143.9748,1
783,1454.6492,1212.235,1
784,1720.1496,1146.3551,1
784,1455.3739,1213.454,1
785,1726.0362,1147.3842,1
785,1455.6768,1214.6244,1
786,1456.6529,1215.8693,1
786,1731.4036,1148.6306,1
787,1735.776,1149.0607,1
787,1457.5669,1217.0458,1
788,1740.7054,1151.4608,1
788,1457.7643,1218.8394,1
789,1743.2769,1152.4731,1
789,1458.7701,1220.2955,1
790,1749.4258,1153.8198,1
790,1459.0757,1222.3901,1
791,1754.4174,1154.5555,1
791,1459.3326,1223.5301,1
792,1757.9677,1154.8793,1
792,1459.4002,1225.2948,1
793,1459.3488,1226.7829,1
793,1761.9886,1155.846,1
794,1459.3461,1228.9534,1
794,1766.3339,1156.2138,1
795,1460.2573,1230.7562,1
795,1771.8744,1156.7686,1
796,1460.5818,1232.1971,1
796,1773.678,1157.857,1
797,1775.706,1157.7414,1
797,1460.8739,1233.4146,1
798,1778.5966,1158.7598,1
798,1461.7905,1233.9618,1
799,1780.9355,1159.3861,1
799,1469.2914,1233.1851,1
800,1783.9451,1160.0473,1
800,1477.0627,1229.6724,1
801,1483.3603,1228.157,1
801,1785.7622,1161.1341,1
802,1488.3113,1228.9975,1
802,1788.6122,1162.1631,1
803,1492.4025,1230.817,1
803,1790.7727,1162.727,1
804,1496.9533,1233.629,1
804,1794.8828,1164.095,1
805,1796.6052,1164.5146,1
805,1500.2008,1235.5806,1
806,1504.1784,1237.7816,1
806,1799.4606,1165.0207,1
807,1508.9537,1240.6666,1
807,1797.8572,1169.9197,1
808,1513.3855,1242.5179,1
808,1796.3321,1177.4543,1
809,1518.2068,1245.2767,1
809,1791.2351,1186.0758,1
810,1784.978,1193.1468,1
810,1522.2492,1247.315,1
811,1781.0139,1196.7781,1
811,1524.1934,1248.8594,1
812,1527.3328,1251.4783,1
812,1777.5177,1201.3746,1
813,1529.9313,1253.3251,1
813,1776.3658,1207.3512,1
814,1533.1112,1254.8892,1
814,1775.1381,1211.7638,1
815,1536.7995,1257.1479,1
815,1773.3535,1216.7752,1
816,1541.1475,1257.9596,1
816,1773.3535,1221.6666,1
817,1773.3454,1227.1142,1
817,1542.9403,1259.5328,1
818,1545.4279,1260.1028,1
818,1773.7212,1232.3765,1
819,1547.6398,1262.1776,1
819,1773.194,1236.8985,1
820,1550.1572,1263.573,1
820,1773.459,1241.153,1
821,1553.083,1265.3042,1
821,1775.1436,1243.9847,1
822,1555.8437,1265.9989,1
822,1775.1408,1248.227,1
823,1557.9853,1267.6922,1
823,1775.0354,1252.4982,1
824,1561.0327,1269.2806,1
824,1774.2512,1256.5217,1
825,1563.7178,1270.7048,1
825,1775.0246,1260.723,1
826,1564.7102,1271.4466,1
826,1775.1814,1263.5319,1
827,1565.8053,1272.8921,1
827,1775.3707,1266.4154,1
828,1567.882,1274.672,1
828,1775.2923,1271.0818,1
829,1569.0014,1275.8971,1
829,1774.9353,1274.2981,1
830,1571.2863,1277.1268,1
830,1774.8569,1278.358,1
831,1572.3165,1278.9158,1
831,1773.9078,1280.106,1
832,1573.3873,1280.0619,1
832,1775.2193,1283.6765,1
833,1772.7505,1287.3473,1
833,1575.6641,1281.2217,1
834,1772.4125,1291.6033,1
834,1577.1296,1282.8754,1
835,1772.7938,1295.1738,1
835,1579.2793,1283.5686,1
836,1581.2046,1284.0778,1
836,1773.4481,1299.8979,1
837,1582.8405,1284.9518,1
837,1773.9349,1304.388,1
838,1583.9951,1286.1921,1
838,1776.0467,1304.4701,1
839,1585.585,1287.0007,1
839,1780.8896,1303.3514,1
840,1586.7721,1287.7288,1
840,1790.1291,1302.8862,1
841,1588.1971,1288.9372,1
841,1794.2771,1304.8759,1
842,1590.171,1289.5057,1
842,1798.9577,1307.7882,1
843,1804.8632,1310.5805,1
843,1593.1968,1284.1492,1
844,1810.6552,1311.2189,1
844,1603.2476,1275.128,1
845,1607.2522,1265.7131,1
845,1815.8658,1307.4174,1
846,1612.333,1260.7974,1
846,1819.3026,1306.7288,1
847,1824.9783,1307.8734,1
847,1616.2295,1257.2148,1
848,1829.1992,1309.3098,1
848,1621.2184,1254.1459,1
849,1834.4206,1310.7872,1
849,1626.3749,1251.8431,1
850,1632.5806,1247.9854,1
850,1838.1143,1311.3876,1
851,1637.6289,1245.1202,1
851,1840.4938,1312.2373,1
852,1842.4353,1313.2405,1
852,1642.6719,1243.4512,1
853,1845.0852,1314.8578,1
853,1646.1114,1240.6924,1
854,1847.097,1317.156,1
854,1650.9137,1237.6174,1
855,1846.8212,1321.9972,1
855,1655.0616,1236.0473,1
856,1847.1348,1322.9183,1
856,1659.1068,1235.7752,1
857,1846.6346,1323.0004,1
857,1662.8951,1233.7536,1
858,1846.3642,1322.1963,1
858,1667.5514,1232.0968,1
859,1846.01,1322.2146,1
859,1671.2451,1230.0843,1
860,1844.5633,1322.3301,1
860,1675.9771,1227.1066,1
861,1843.7089,1322.2982,1
861,1680.0844,1224.7826,1
862,1843.0978,1322.2526,1
862,1683.9863,1223.7596,1
863,1842.8112,1322.625,1
863,1686.7876,1223.4966,1
864,1842.9031,1323.0338,1
864,1691.0978,1221.0798,1
865,1842.3407,1322.4623,1
865,1692.7067,1220.2302,1
866,1696.376,1219.5553,1
866,1841.4159,1321.9714,1
867,1698.5122,1218.242,1
867,1839.6718,1322.6022,1
868,1700.3212,1217.403,1
868,1832.6522,1322.137,1
869,1704.096,1216.3861,1
869,1825.5894,1319.3752,1
870,1707.3191,1215.6018,1
870,1812.0613,1318.5529,1
871,1796.7701,1312.4835,1
871,1710.4206,1214.4709,1
872,1785.9352,1308.4844,1
872,1713.5356,1213.7109,1
873,1779.1157,1308.1394,1
873,1715.7772,1213.1166,1
874,1772.5072,1308.2883,1
874,1718.5705,1212.238,1
875,1766.5394,1309.2246,1
875,1720.8824,1211.9659,1
876,1759.601,1310.465,1
876,1725.8767,1210.4642,1
877,1754.0172,1311.991,1
877,1728.7645,1209.8987,1
878,1748.5605,1314.341,1
878,1730.5032,1209.0262,1
879,1744.1963,1316.6666,1
879,1733.5371,1207.5047,1
880,1739.0452,1319.2445,1
880,1735.365,1206.6353,1
881,1735.3839,1321.4728,1
881,1737.1767,1205.6427,1
882,1738.8937,1205.5606,1
882,1732.7665,1322.9974,1
883,1741.1786,1204.6456,1
883,1732.2392,1322.4623,1
884,1743.0471,1203.9586,1
884,1729.5893,1321.1855,1
885,1745.7862,1203.1879,1
885,1724.4165,1318.8174,1
886,1747.9521,1202.3215,1
886,1721.1339,1316.0738,1
887,1716.9697,1314.2026,1
887,1750.2478,1201.6071,1
888,1713.7411,1313.3241,1
888,1753.0627,1201.3761,1
889,1755.453,1200.7422,1
889,1711.0642,1312.1993,1
890,1757.6622,1199.7968,1
890,1708.636,1312.33,1
891,1759.4468,1199.2466,1
891,1706.197,1311.377,1
892,1761.0828,1198.9897,1
892,1704.8341,1311.3511,1
893,1762.789,1197.7357,1
893,1701.757,1309.293,1
894,1764.3086,1197.1991,1
894,1698.2634,1308.378,1
895,1765.4335,1196.3814,1
895,1694.6184,1307.4113,1
896,1768.151,1195.9664,1
896,1691.5413,1306.6604,1
897,1766.3231,1191.6481,1
897,1687.9693,1307.0617,1
898,1764.1653,1185.5331,1
898,1684.0728,1307.0176,1
899,1764.6088,1181.8684,1
899,1681.2553,1307.1787,1
900,1767.0559,1178.5487,1
900,1677.2669,1308.299,1
901,1673.7922,1309.217,1
901,1772.6072,1175.6698,1
902,1669.7714,1310.2415,1
902,1775.6789,1173.022,1
903,1778.5452,1170.3574,1
903,1667.9191,1312.1704,1
904,1781.671,1167.4922,1
904,1664.9961,1312.637,1
905,1661.9676,1313.2952,1
905,1784.2966,1165.2974,1
906,1659.6936,1314.2376,1
906,1787.2007,1164.1346,1
907,1661.9757,1318.6152,1
907,1790.9917,1161.4229,1
908,1794.9179,1159.5533,1
908,1664.02,1321.7282,1
909,1797.3975,1156.0634,1
909,1667.2242,1321.7631,1
910,1801.3669,1153.7043,1
910,1675.393,1321.7631,1
911,1803.7221,1151.5566,1
911,1687.78,1321.0396,1
912,1696.2165,1320.0577,1
912,1807.2049,1148.2582,1
913,1701.1432,1321.8923,1
913,1808.3838,1145.8383,1
914,1707.6842,1324.7666,1
914,1812.2776,1143.5446,1
915,1712.1106,1327.0755,1
915,1813.1293,1141.9806,1
916,1716.3397,1328.673,1
916,1815.2141,1141.2905,1
917,1719.0653,1329.1108,1
917,1818.3508,1138.8539,1
918,1820.3193,1136.0678,1
918,1719.7629,1328.9786,1
919,1823.7912,1133.575,1
919,1720.4822,1329.4589,1
920,1823.8372,1129.8905,1
920,1720.3254,1329.43,1
921,1815.1546,1123.4609,1
921,1719.7927,1331.3878,1
922,1805.2472,1118.4312,1
922,1715.7772,1331.5154,1
923,1710.3692,1332.4654,1
923,1799.0118,1115.0842,1
924,1795.2992,1111.0729,1
924,1705.2343,1333.1798,1
925,1791.7732,1104.8728,1
925,1701.2568,1333.2422,1
926,1788.7717,1099.0998,1
926,1697.8551,1333.8106,1
927,1696.0218,1334.2818,1
927,1786.5085,1093.491,1
928,1695.4269,1335.3504,1
928,1782.4525,1087.9218,1
929,1780.7354,1082.053,1
929,1695.5297,1335.741,1
930,1695.9921,1335.9584,1
930,1778.6506,1076.3424,1
931,1697.874,1337.3522,1
931,1777.1012,1071.901,1
932,1701.0269,1338.2156,1
932,1775.2409,1067.5203,1
933,1701.2216,1338.1457,1
933,1773.8429,1063.7431,1
934,1695.0376,1337.9633,1
934,1771.4147,1058.563,1
935,1767.5751,1054.0531,1
935,1687.9396,1336.878,1
936,1678.6135,1335.475,1
936,1766.0635,1048.6039,1
937,1673.6084,1334.6983,1
937,1764.6547,1046.0731,1
938,1668.1003,1335.5282,1
938,1762.1806,1042.1378,1
939,1662.4489,1336.5451,1
939,1755.9911,1042.6592,1
940,1658.1171,1336.7974,1
940,1742.8118,1050.4507,1
941,1654.9967,1338.3038,1
941,1732.78,1065.5641,1
942,1651.2517,1340.2646,1
942,1727.5532,1076.0794,1
943,1719.0923,1083.155,1
943,1648.7153,1342.2755,1
944,1709.8987,1090.141,1
944,1646.2141,1344.4795,1
945,1643.2154,1343.9886,1
945,1699.5992,1094.0124,1
946,1639.2946,1343.5037,1
946,1693.3827,1099.907,1
947,1636.8907,1344.025,1
947,1684.5217,1104.2466,1
948,1635.1304,1343.335,1
948,1677.7617,1108.0602,1
949,1633.3945,1343.5721,1
949,1669.8092,1113.1583,1
950,1631.3367,1344.3625,1
950,1662.0677,1117.0434,1
951,1656.5326,1121.8831,1
951,1629.4034,1343.9141,1
952,1650.7487,1126.165,1
952,1629.7062,1343.7454,1
953,1626.8535,1341.8317,1
953,1645.1298,1130.9773,1
954,1638.4915,1135.6695,1
954,1618.0493,1333.0187,1
955,1607.8471,1321.0852,1
955,1632.8807,1139.4923,1
956,1627.4403,1142.8804,1
956,1600.5165,1313.6798,1
957,1622.4649,1147.2063,1
957,1590.7443,1309.8266,1
958,1617.43,1150.4561,1
958,1583.6814,1309.5058,1
959,1613.2605,1155.0085,1
959,1574.3499,1310.2582,1
960,1608.5231,1159.7266,1
960,1565.2969,1311.0441,1
961,1557.4229,1313.3621,1
961,1603.8965,1164.3078,1
962,1549.6516,1313.435,1
962,1599.6269,1166.7976,1
963,1595.744,1170.5642,1
963,1541.6099,1313.1052,1
964,1534.8877,1313.9503,1
964,1592.2558,1173.823,1
965,1527.8492,1313.739,1
965,1587.7104,1177.8799,1
966,1583.457,1181.2482,1
966,1522.8793,1314.271,1
967,1517.8688,1316.2577,1
967,1577.7272,1185.7049,1
968,1511.8145,1316.6179,1
968,1574.2553,1188.3877,1
969,1571.0294,1191.4201,1
969,1505.5602,1317.7853,1
970,1568.8338,1194.5285,1
970,1502.4154,1322.4122,1
971,1565.4186,1197.5168,1
971,1501.9963,1322.6493,1
972,1500.5632,1321.5898,1
972,1562.2387,1201.4004,1
973,1493.6355,1317.7792,1
973,1559.8862,1204.1455,1
974,1487.5623,1313.1554,1
974,1556.3845,1207.1962,1
975,1481.8542,1310.9711,1
975,1551.7012,1210.0568,1
976,1547.1666,1212.2258,1
976,1477.2601,1309.6001,1
977,1543.8785,1213.9723,1
977,1471.0382,1309.2961,1
978,1542.0317,1216.8026,1
978,1467.5203,1309.3721,1
979,1538.1352,1219.6115,1
979,1464.1295,1310.1883,1
980,1538.1028,1224.1913,1
980,1459.1893,1311.9485,1
981,1457.9914,1312.0716,1
981,1542.705,1232.7747,1
982,1455.793,1313.467,1
982,1545.6983,1240.3018,1
983,1454.0652,1313.891,1
983,1549.1432,1244.3754,1
984,1451.4044,1314.2969,1
984,1550.6385,1248.753,1
985,1449.4684,1315.3898,1
985,1552.1825,1255.0853,1
986,1448.2381,1314.417,1
986,1552.2718,1260.2639,1
987,1445.5963,1313.7512,1
987,1551.7418,1263.6186,1
988,1443.6467,1314.5553,1
988,1551.0604,1269.1058,1
989,1442.2676,1313.9078,1
989,1550.6899,1273.7007,1
990,1440.1234,1313.1645,1
990,1551.42,1280.0482,1
991,1436.9759,1309.553,1
991,1549.8949,1283.7996,1
992,1548.689,1286.6329,1
992,1432.3737,1309.0529,1
993,1549.0946,1291.6078,1
993,1428.3556,1309.9542,1
994,1548.6376,1295.7392,1
994,1426.6169,1310.4072,1
995,1423.4721,1312.1339,1
995,1548.7728,1299.9116,1
996,1421.1927,1312.6933,1
996,1548.7268,1304.6251,1
997,1418.6157,1314.3501,1
997,1547.291,1308.2214,1
998,1415.7901,1314.8015,1
998,1547.3586,1310.965,1
999,1412.8076,1314.7012,1
999,1548.0076,1315.3335,1
1000,1548.4186,1318.2246,1
1000,1408.0566,1310.4057,1
1001,1548.8728,1321.9121,1
1001,1401.7725,1306.6376,1
1002,1548.8485,1325.6437,1
1002,1398.1465,1303.859,1
1003,1549.1757,1328.6031,1
1003,1393.839,1303.4851,1
1004,1389.5748,1303.6295,1
1004,1548.0076,1332.052,1
1005,1548.1455,1334.5114,1
1005,1385.0564,1304.4838,1
1006,1547.9427,1337.5529,1
1006,1380.4948,1305.449,1
1007,1548.689,1340.7145,1
1007,1374.0809,1306.8656,1
1008,1548.835,1342.8045,1
1008,1370.617,1307.0298,1
1009,1548.908,1345.5891,1
1009,1367.0451,1307.6408,1
1010,1549.081,1348.6778,1
1010,1364.2221,1307.8095,1
1011,1360.1444,1308.4722,1
1011,1548.935,1351.1554,1
1012,1358.3274,1310.0196,1
1012,1548.1292,1352.8882,1
1013,1356.1155,1310.3753,1
1013,1543.6271,1351.6311,1
1014,1532.0648,1347.7536,1
1014,1354.5769,1311.4986,1
1015,1523.8581,1345.7198,1
1015,1354.4823,1315.3578,1
1016,1354.1037,1315.1253,1
1016,1518.7557,1345.881,1
1017,1512.5311,1345.6849,1
1017,1353.6062,1315.1146,1
1018,1507.8396,1347.2201,1
1018,1350.9049,1315.671,1
1019,1502.0314,1349.6262,1
1019,1349.4231,1315.8868,1
1020,1346.6839,1315.3852,1
1020,1496.81,1351.4654,1
1021,1343.8745,1315.3958,1
1021,1490.8639,1352.7666,1
1022,1341.2543,1314.309,1
1022,1487.1027,1355.3688,1
1023,1483.9471,1356.7915,1
1023,1338.937,1314.2482,1
1024,1337.1659,1313.2861,1
1024,1477.4764,1354.6088,1
1025,1333.967,1312.979,1
1025,1471.3194,1348.1017,1
1026,1331.4685,1313.6205,1
1026,1465.1245,1343.2453,1
1027,1328.3887,1314.9885,1
1027,1457.6047,1339.7812,1
1028,1451.7695,1338.585,1
1028,1327.3125,1316.0266,1
1029,1324.384,1316.0373,1
1029,1444.8067,1337.7596,1
1030,1320.5119,1314.1099,1
1030,1439.9152,1335.9022,1
1031,1316.8967,1314.3714,1
1031,1433.8798,1334.8701,1
1032,1314.6632,1314.2695,1
1032,1429.1559,1334.7576,1
1033,1312.6298,1316.206,1
1033,1421.4522,1333.9049,1
1034,1416.8554,1333.7073,1
1034,1311.129,1316.3246,1
1035,1411.3258,1333.3516,1
1035,1308.928,1319.3828,1
1036,1406.2774,1333.075,1
1036,1306.8648,1318.0817,1
1037,1302.2843,1315.7698,1
1037,1400.6098,1332.5126,1
1038,1298.4419,1313.4989,1
1038,1397.1271,1331.8286,1
1039,1296.5923,1313.4244,1
1039,1392.6952,1331.7404,1
1040,1294.1668,1313.0034,1
1040,1388.4094,1331.5337,1
1041,1291.7603,1313.5673,1
1041,1383.9424,1331.6234,1
1042,1289.3916,1314.1023,1
1042,1379.4077,1331.5519,1
1043,1287.4123,1314.9049,1
1043,1374.3729,1331.6842,1
1044,1286.1576,1315.7591,1
1044,1370.8793,1331.6857,1
1045,1283.386,1315.145,1
1045,1367.6291,1331.745,1
1046,1279.7951,1310.1974,1
1046,1363.1892,1331.1111,1
1047,1358.806,1330.9348,1
1047,1272.7404,1306.9446,1
1048,1356.3994,1330.7965,1
1048,1268.8331,1305.3486,1
1049,1265.5315,1305.5645,1
1049,1353.3601,1330.3678,1
1050,1349.4609,1330.5913,1
1050,1258.8283,1306.934,1
1051,1346.5758,1330.8725,1
1051,1254.6127,1307.0799,1
1052,1252.1278,1307.5101,1
1052,1343.0227,1330.9333,1
1053,1248.0366,1308.0725,1
1053,1338.626,1331.1613,1
1054,1244.7756,1308.9267,1
1054,1336.1735,1331.1719,1
1055,1240.8115,1309.9451,1
1055,1333.0828,1331.1582,1
1056,1238.359,1310.2111,1
1056,1329.8515,1331.1643,1
1057,1233.9244,1311.0365,1
1057,1326.6933,1331.0032,1
1058,1232.2128,1311.1824,1
1058,1324.8518,1331.1324,1
1059,1229.3466,1312.0382,1
1059,1321.8342,1330.8679,1
1060,1227.497,1312.0777,1
1060,1319.0301,1330.7889,1
1061,1315.7231,1330.9348,1
1061,1224.017,1313.2253,1
1062,1222.2486,1313.011,1
1062,1314.2792,1330.9561,1
1063,1312.7352,1334.9552,1
1063,1217.5625,1309.7232,1
1064,1312.1863,1342.7741,1
1064,1212.9847,1305.3426,1
1065,1311.002,1348.6914,1
1065,1210.4077,1303.0489,1
1066,1204.7753,1301.2963,1
1066,1308.8874,1351.8622,1
1067,1199.8676,1300.9406,1
1067,1306.6458,1352.8137,1
1068,1194.2811,1300.7461,1
1068,1304.5854,1356.1014,1
1069,1189.1678,1301.2249,1
1069,1300.9241,1357.395,1
1070,1297.8903,1358.6809,1
1070,1186.2772,1301.4012,1
1071,1295.3269,1359.5123,1
1071,1183.3191,1301.5775,1
1072,1288.4614,1358.8177,1
1072,1180.2717,1303.0747,1
1073,1283.8213,1357.0317,1
1073,1176.6672,1303.1583,1
1074,1278.581,1356.1501,1
1074,1174.0768,1305.1769,1
1075,1275.0009,1358.1732,1
1075,1172.8789,1308.603,1
1076,1270.999,1359.599,1
1076,1172.1975,1308.6896,1
1077,1172.1137,1307.9357,1
1077,1265.4801,1364.0799,1
1078,1260.183,1352.42,1
1078,1171.1916,1305.1024,1
1079,1253.2661,1341.213,1
1079,1169.6855,1303.5322,1
1080,1166.1784,1300.7066,1
1080,1249.7834,1331.9958,1
1081,1161.6303,1298.7306,1
1081,1246.3872,1326.124,1
1082,1239.3838,1318.8356,1
1082,1156.9686,1297.2729,1
1083,1233.8974,1314.4261,1
1083,1152.5692,1295.9672,1
1084,1148.9891,1295.6526,1
1084,1228.6219,1309.6624,1
1085,1147.6587,1295.5872,1
1085,1222.9192,1305.0249,1
1086,1146.5014,1296.4566,1
1086,1218.636,1304.1904,1
1087,1145.2197,1298.0633,1
1087,1212.3979,1301.2872,1
1088,1206.2138,1296.9385,1
1088,1143.1457,1300.0195,1
1089,1198.8481,1292.6794,1
1089,1141.9641,1301.4134,1
1090,1196.2307,1290.0346,1
1090,1140.7311,1302.8224,1
1091,1193.3509,1285.8318,1
1091,1141.0204,1304.5385,1
1092,1139.7874,1304.3272,1
1093,1136.9076,1303.8165,1
1094,1132.0783,1303.9046,1
1095,1127.7302,1304.1022,1
1096,1125.7671,1303.859,1
1096,1168.9662,1277.3031,1
1097,1123.6364,1301.921,1
1097,1166.538,1271.8706,1
1098,1119.2478,1298.3475,1
1098,1158.883,1267.1237,1
1099,1155.8248,1265.4426,1
1099,1115.8921,1294.8789,1
1100,1112.7284,1294.3545,1
1100,1151.42,1263.9636,1
1101,1109.4701,1295.227,1
1101,1149.1973,1261.8189,1
1102,1105.7116,1297.4355,1
1102,1145.9768,1260.2882,1
1103,1103.6106,1300.9817,1
1103,1139.8388,1257.2118,1
1104,1102.6236,1301.652,1
1104,1138.1271,1256.4046,1
1105,1134.9202,1254.4925,1
1105,1103.013,1300.6534,1
1106,1131.551,1252.4253,1
1106,1102.6615,1300.3098,1
1107,1128.125,1250.4554,1
1107,1101.0931,1299.9116,1
1108,1123.5147,1247.7026,1
1108,1103.205,1299.4921,1
1109,1119.8346,1245.8558,1
1109,1112.2498,1298.2457,1
1110,1124.2204,1298.4068,1
1110,1117.9445,1242.939,1
1111,1133.5709,1296.9552,1
1111,1114.962,1240.849,1
1112,1111.3007,1241.7017,1
1112,1139.9956,1298.0511,1
1113,1142.9538,1298.4858,1
1113,1107.5692,1240.6787,1
1114,1147.0909,1301.3754,1
1114,1104.8274,1239.0067,1
1115,1149.465,1303.8302,1
1115,1101.6529,1239.1709,1
1116,1152.0852,1304.8926,1
1116,1097.1588,1237.3955,1
1117,1153.594,1307.0526,1
1117,1096.1394,1236.2403,1
1118,1153.2966,1307.5739,1
1118,1095.1038,1234.3692,1
1119,1093.1839,1233.5256,1
1119,1151.201,1307.7107,1
1120,1089.6282,1232.5726,1
1120,1148.0535,1308.5923,1
1121,1084.8664,1233.0058,1
1121,1147.2126,1310.0652,1
1122,1080.951,1240.5678,1
1122,1148.1292,1310.7553,1
1123,1076.749,1250.501,1
1123,1152.7341,1312.6902,1
1124,1158.8533,1313.5688,1
1124,1074.502,1256.4259,1
1125,1166.6516,1315.1633,1
1125,1070.7813,1259.9067,1
1126,1067.3445,1262.8008,1
1126,1172.0353,1317.9464,1
1127,1063.9564,1264.1825,1
1127,1178.0544,1320.085,1
1128,1061.393,1266.1889,1
1128,1182.6241,1322.7846,1
1129,1186.6693,1323.885,1
1129,1058.6863,1268.25,1
1130,1192.2585,1325.6467,1
1130,1057.1153,1270.4327,1
1131,1198.2397,1323.0399,1
1131,1053.4514,1273.19,1
1132,1051.18,1275.4062,1
1132,1203.9127,1316.1422,1
1133,1048.2462,1276.9961,1
1133,1212.5682,1309.6882,1
1134,1044.9338,1279.1469,1
1134,1220.6721,1307.0708,1
1135,1042.319,1280.7414,1
1135,1226.8805,1305.1419,1
1136,1235.5685,1303.7542,1
1136,1038.6199,1281.8601,1
1137,1242.8774,1302.7601,1
1137,1035.7807,1283.6278,1
1138,1249.5103,1301.6368,1
1138,1033.166,1284.5125,1
1139,1030.9,1285.9428,1
1139,1257.5763,1300.8282,1
1140,1028.4961,1287.8276,1
1140,1265.1205,1300.2338,1
1141,1026.1112,1289.264,1
1141,1268.414,1298.8658,1
1142,1023.5235,1290.8858,1
1142,1273.3515,1298.3247,1
1143,1021.2656,1292.0654,1
1143,1277.878,1298.5102,1
1144,1019.1295,1295.0826,1
1144,1284.6055,1298.8826,1
1145,1017.3584,1295.8942,1
1145,1289.0401,1298.65,1
1146,1294.394,1298.6196,1
1146,1016.0064,1296.9856,1
1147,1300.8728,1298.5056,1
1147,1014.4408,1298.6014,1
1148,1307.8653,1299.3674,1
1148,1012.4452,1300.851,1
1149,1011.5475,1302.3816,1
1149,1310.81,1298.1651,1
1150,1312.8866,1298.1271,1
1150,1010.4469,1303.8636,1
1151,1317.0238,1298.4767,1
1151,1012.7264,1308.7534,1
1152,1320.3443,1299.2823,1
1152,1016.393,1312.1628,1
1153,1017.234,1315.1481,1
1153,1325.3386,1300.0514,1
1154,1017.1042,1317.3688,1
1154,1327.8803,1302.3694,1
1155,1017.0609,1319.3676,1
1155,1330.3788,1308.3522,1
1156,1016.6148,1322.9229,1
1156,1330.2517,1315.4779,1
1157,1329.9056,1321.7586,1
1157,1015.7846,1325.6406,1
1158,1333.3181,1327.609,1
1158,1014.9653,1328.6381,1
1159,1334.5295,1331.4926,1
1159,1014.8842,1330.1581,1
1160,1337.3443,1334.595,1
1160,1014.365,1331.824,1
1161,1339.3561,1337.3842,1
1161,1012.6453,1335.2136,1
1162,1340.7811,1339.9758,1
1162,1012.2532,1337.3279,1
1163,1344.4099,1342.6297,1
1163,1012.2397,1339.1382,1
1164,1346.857,1345.7974,1
1164,1012.2154,1341.6508,1
1165,1348.7363,1346.6729,1
1165,1011.5394,1342.9094,1
1166,1350.7102,1349.2827,1
1166,1012.3587,1340.4394,1
1167,1022.742,1337.1288,1
1167,1351.2834,1350.8954,1
1168,1035.9376,1333.2726,1
1168,1352.1758,1352.6328,1
1169,1047.5783,1330.5715,1
1169,1354.3525,1354.3018,1
1170,1353.9009,1354.9538,1
1170,1056.3014,1326.4158,1
1171,1062.3421,1324.5204,1
1171,1350.5317,1352.1434,1
1172,1069.0616,1323.5126,1
1172,1341.1488,1354.7258,1
1173,1073.9531,1323.0597,1
1173,1331.0737,1352.0446,1
1174,1078.8446,1324.1237,1
1174,1319.8278,1351.619,1
1175,1084.4798,1324.7742,1
1175,1312.5649,1350.8453,1
1176,1089.3226,1325.5221,1
1176,1308.8198,1351.2466,1
1177,1094.6468,1326.3292,1
1177,1302.798,1352.303,1
1178,1097.8456,1326.577,1
1178,1296.5383,1354.3884,1
1179,1099.8168,1325.8291,1
1179,1292.0983,1355.3794,1
1180,1102.794,1327.8188,1
1180,1288.0693,1351.3682,1
1181,1284.3648,1338.0362,1
1181,1106.612,1328.0878,1
1182,1281.0308,1320.6459,1
1182,1110.4625,1328.9558,1
1183,1279.8005,1307.9129,1
1183,1112.9367,1330.2675,1
1184,1273.4542,1299.337,1
1184,1118.4204,1330.6399,1
1185,1269.6848,1290.8372,1
1185,1120.516,1331.0701,1
1186,1124.3232,1331.105,1
1186,1260.3533,1284.0154,1
1187,1254.4532,1278.9386,1
1187,1128.3062,1331.6477,1
1188,1243.2749,1270.5832,1
1188,1129.6663,1332.0034,1
1189,1235.7632,1264.9166,1
1189,1133.8224,1332.584,1
1190,1135.9828,1333.4914,1
1190,1227.4213,1260.0314,1
1191,1218.9037,1255.7404,1
1191,1138.9735,1333.2087,1
1192,1209.6912,1251.1105,1
1192,1141.6207,1331.7237,1
1193,1147.8615,1323.8835,1
1193,1200.2623,1248.3152,1
1194,1152.4908,1317.2578,1
1194,1189.1976,1257.4428,1
1195,1158.7857,1312.2616,1
1195,1186.7694,1271.2307,1
1196,1164.894,1310.4102,1
1196,1186.9046,1283.6126,1
1197,1169.9262,1308.495,1
1197,1185.8554,1296.3822,1
1198,1187.5833,1307.1848,1
1199,1192.6857,1312.4242,1
1200,1193.7322,1317.9388,1
1201,1194.757,1324.9764,1
1202,1195.652,1332.0429,1
1203,1196.0306,1336.9692,1
1204,1195.1464,1342.1843,1
1204,1207.0088,1300.3296,1
1205,1195.1004,1348.3768,1
1205,1220.1016,1299.3629,1
1206,1227.0968,1295.9307,1
1206,1194.9571,1354.2531,1
1207,1229.379,1295.2452,1
1207,1195.0166,1357.3615,1
1208,1231.772,1294.356,1
1208,1193.0291,1359.5093,1
1209,1236.039,1293.5854,1
1209,1188.1863,1357.3934,1
1210,1240.3032,1292.4682,1
1210,1180.1392,1355.8278,1
1211,1246.6927,1290.7946,1
1211,1171.8568,1355.0663,1
1212,1248.572,1289.5239,1
1212,1164.4127,1355.4022,1
1213,1253.3581,1289.3066,1
1213,1158.9858,1355.7838,1
1214,1258.136,1288.2866,1
1214,1154.0077,1356.8797,1
1215,1148.3401,1359.3649,1
1215,1262.311,1287.1238,1
1216,1144.4031,1361.7406,1
1216,1264.9772,1285.619,1
1217,1268.6005,1283.5473,1
1217,1141.4449,1363.1725,1
1218,1137.4673,1365.3263,1
1218,1271.1991,1283.0943,1
1219,1134.9851,1364.5086,1
1219,1274.9793,1281.3646,1
1220,1132.6272,1364.6666,1
1220,1279.092,1281.0606,1
1221,1132.2757,1365.2564,1
1221,1281.9583,1281.2627,1
1222,1285.1328,1279.3034,1
1222,1133.1409,1364.6788,1
1223,1289.2591,1279.6135,1
1223,1139.1492,1362.1921,1
1224,1150.5304,1362.9794,1
1224,1293.4232,1278.8216,1
1225,1162.263,1364.6682,1
1225,1297.2981,1277.94,1
1226,1299.9561,1277.9202,1
1226,1170.6779,1367.6702,1
1227,1303.4118,1277.3168,1
1227,1175.5072,1365.3674,1
1228,1306.7269,1277.0006,1
1228,1179.7119,1354.7882,1
1229,1191.7096,1343.4307,1
1229,1310.8262,1273.6794,1
1230,1201.3493,1335.9979,1
1230,1312.5081,1273.0578,1
1231,1315.7664,1272.243,1
1231,1207.2224,1331.3467,1
1232,1317.8539,1271.3949,1
1232,1214.9396,1329.5075,1
1233,1320.0252,1271.6791,1
1233,1225.0039,1328.1532,1
1234,1321.8342,1270.7565,1
1234,1231.4232,1327.4905,1
1235,1324.8654,1270.7322,1
1235,1240.4789,1327.3187,1
1236,1327.4233,1270.7306,1
1236,1248.4395,1327.7626,1
1237,1329.3486,1274.9547,1
1237,1255.8025,1328.5834,1
1238,1330.1463,1288.4356,1
1238,1265.2962,1328.6198,1
1239,1328.0209,1299.2626,1
1239,1271.3099,1330.0365,1
1240,1278.2917,1330.7326,1
1240,1325.855,1304.9474,1
1241,1283.1751,1332.1569,1
1241,1321.9694,1308.834,1
1242,1321.3258,1310.4695,1
1242,1289.6295,1333.6328,1
1243,1321.2853,1312.444,1
1243,1295.2836,1335.3291,1
1244,1320.1685,1316.7213,1
1244,1302.4681,1336.2183,1
1245,1317.6213,1322.0276,1
1245,1311.7537,1333.4945,1
1246,1315.0769,1334.215,1
1247,1318.1054,1335.1802,1
1248,1323.17,1336.495,1
1249,1327.5531,1336.9616,1
1249,1321.3177,1326.0632,1
1250,1333.6588,1338.7096,1
1250,1319.8765,1325.5023,1
1251,1339.4021,1339.8207,1
1251,1318.0378,1323.5461,1
1252,1344.9507,1340.2463,1
1252,1316.4532,1322.4593,1
1253,1347.579,1340.3102,1
1253,1316.5911,1321.5199,1
1254,1354.5228,1340.2357,1
1254,1318.1703,1322.4122,1
1254,1341.7329,1338.6214,1
1255,1358.1327,1341.2434,1
1255,1319.0274,1323.844,1
1255,1323.3782,1368.1231,1
1256,1362.7078,1342.2193,1
1256,1320.0576,1324.908,1
1257,1368.2619,1342.8486,1
1257,1323.8649,1325.9735,1
1258,1372.7045,1343.4505,1
1258,1330.368,1324.0066,1
1259,1377.396,1343.373,1
1259,1339.4345,1320.3343,1
1260,1344.8831,1319.0454,1
1260,1382.6552,1344.7121,1
1261,1386.8464,1345.6423,1
1261,1347.6682,1316.2607,1
1262,1391.3702,1346.6455,1
1262,1350.4831,1315.4369,1
1263,1353.2844,1312.1157,1
1263,1392.4789,1347.1593,1
1264,1355.5152,1312.2023,1
1264,1395.7805,1343.87,1
1265,1358.4274,1312.3011,1
1265,1399.3443,1344.6802,1
1266,1361.3694,1311.6977,1
1266,1400.6639,1351.4761,1
1267,1402.1619,1359.0974,1
1267,1361.9237,1309.0954,1
1268,1406.0692,1360.0975,1
1268,1346.8678,1255.8514,1
1269,1409.0868,1359.4409,1
1269,1350.3181,1227.2526,1
1270,1356.3129,1198.8757,1
1270,1415.8496,1354.2683,1
1271,1428.9342,1347.6107,1
1271,1366.0554,1179.4166,1
1272,1437.3707,1343.5265,1
1272,1374.8272,1162.7772,1
1273,1442.6219,1342.4929,1
1273,1382.658,1146.5664,1
1274,1448.2651,1341.4198,1
1274,1393.0819,1134.9171,1
1275,1457.894,1341.9974,1
1275,1400.9559,1119.4739,1
1276,1408.8192,1106.4141,1
1276,1465.1002,1341.1492,1
1277,1472.0684,1341.1948,1
1277,1415.5575,1094.8271,1
1278,1423.5289,1084.5808,1
1278,1477.5062,1342.0642,1
1279,1481.3134,1341.3939,1
1279,1429.9104,1073.161,1
1280,1486.7484,1342.3059,1
1280,1437.6086,1062.5788,1
1281,1491.356,1342.6388,1
1281,1443.2654,1052.7687,1
1282,1497.459,1343.7742,1
1282,1448.9871,1043.5758,1
1283,1454.6195,1034.3676,1
1283,1502.9995,1343.8411,1
1284,1508.2317,1344.0296,1
1284,1459.6733,1025.8662,1
1285,1513.1341,1344.5342,1
1285,1465.3733,1017.2205,1
1286,1469.6646,1008.7602,1
1286,1518.1824,1345.1666,1
1287,1474.3993,1000.6981,1
1287,1522.0383,1344.1421,1
1288,1524.7613,1344.6786,1
1288,1480.202,993.0722,1
1289,1528.9552,1345.7639,1
1289,1484.1877,985.0162,1
1290,1531.8782,1346.4555,1
1290,1488.3573,977.512,1
1291,1536.7778,1346.9814,1
1291,1492.9108,971.5156,1
1292,1496.6937,965.0556,1
1292,1541.1096,1348.4482,1
1293,1543.8028,1349.3207,1
1293,1500.3658,958.4542,1
1294,1548.8431,1349.5943,1
1294,1502.4749,951.6674,1
1295,1553.4967,1349.1079,1
1295,1508.6265,946.6469,1
1296,1558.5369,1347.6594,1
1296,1512.7744,939.9543,1
1297,1514.3644,934.7346,1
1297,1564.118,1341.4182,1
1298,1566.1271,1337.7885,1
1298,1517.3956,928.8325,1
1299,1569.7666,1336.3521,1
1299,1522.5413,921.6398,1
1300,1573.701,1335.6863,1
1300,1525.3859,915.6222,1
1301,1579.7606,1335.1619,1
1301,1530.921,913.4835,1
1302,1584.5819,1334.2606,1
1302,1542.0452,920.6062,1
1303,1588.1484,1333.1844,1
1303,1556.3413,932.1218,1
1304,1593.8025,1333.5766,1
1304,1558.5045,948.521,1
1305,1599.9892,1333.9049,1
1305,1554.5702,961.9822,1
1306,1603.5072,1333.1403,1
1306,1554.1727,972.9353,1
1307,1553.8184,981.3363,1
1307,1607.4063,1332.3378,1
1308,1610.6619,1332.5749,1
1308,1554.5945,989.637,1
1309,1613.42,1333.4139,1
1309,1556.4846,998.5078,1
1310,1616.7081,1334.3746,1
1310,1559.5401,1004.7078,1
1311,1617.4625,1337.6198,1
1311,1560.5406,1011.3943,1
1312,1617.622,1344.557,1
1312,1563.442,1018.1811,1
1313,1619.2471,1343.6101,1
1313,1564.7318,1022.9889,1
1314,1620.2557,1342.8486,1
1314,1567.5412,1028.1523,1
1315,1569.9721,1034.6062,1
1315,1623.4221,1341.4821,1
1316,1626.4857,1339.2294,1
1316,1570.5589,1038.9778,1
1317,1627.8891,1337.8599,1
1317,1573.0304,1045.7387,1
1318,1574.8529,1049.601,1
1318,1629.2492,1337.0756,1
1319,1577.1891,1053.9422,1
1319,1632.8699,1336.9251,1
1320,1578.871,1060.0054,1
1320,1634.0002,1336.761,1
1321,1636.55,1336.1666,1
1321,1580.2555,1063.3859,1
1322,1638.4672,1335.5313,1
1322,1581.9563,1067.8988,1
1323,1640.287,1335.051,1
1323,1584.1898,1072.4877,1
1324,1642.8476,1334.3882,1
1324,1585.5283,1076.2193,1
1325,1642.872,1335.3078,1
1325,1587.4292,1081.2824,1
1326,1640.9873,1337.0938,1
1326,1589.8898,1085.771,1
1327,1637.1476,1337.2276,1
1327,1591.7285,1089.5634,1
1328,1629.1221,1335.1802,1
1328,1590.9903,1093.3284,1
1329,1593.551,1097.2591,1
1329,1617.4679,1333.3227,1
1330,1595.3952,1100.5469,1
1330,1608.4636,1331.447,1
1331,1595.8575,1104.0307,1
1331,1600.9519,1330.608,1
1332,1598.3047,1107.7228,1
1332,1596.8337,1329.0439,1
1333,1601.3656,1111.0242,1
1333,1592.0503,1330.6962,1
1334,1602.5851,1114.4412,1
1334,1589.6329,1331.3285,1
1335,1586.161,1331.634,1
1335,1603.5883,1118.489,1
1336,1605.4081,1121.5183,1
1336,1581.959,1328.6761,1
1337,1576.7294,1321.3117,1
1337,1606.8033,1124.4185,1
1338,1571.9271,1313.3256,1
1338,1607.5659,1127.5968,1
1339,1608.6556,1131.2858,1
1339,1567.7495,1308.8158,1
1340,1609.9805,1134.0659,1
1340,1562.9174,1305.5113,1
1341,1610.8728,1137.185,1
1341,1560.5298,1304.1266,1
1342,1554.9271,1302.2402,1
1342,1612.6953,1140.6354,1
1343,1614.5963,1142.4685,1
1343,1550.5682,1300.2445,1
1344,1615.7617,1144.9066,1
1344,1546.9124,1298.5026,1
1345,1617.2056,1147.524,1
1345,1541.8857,1296.218,1
1346,1618.2277,1150.7935,1
1346,1537.6053,1295.2938,1
1347,1618.7577,1154.3974,1
1347,1533.8656,1294.2724,1
1348,1620.3855,1156.6881,1
1348,1527.8546,1293.3954,1
1349,1621.6483,1158.5577,1
1349,1526.7703,1293.181,1
1350,1622.976,1161.7071,1
1350,1523.8716,1292.0304,1
1351,1519.5452,1292.453,1
1351,1624.72,1164.9751,1
1352,1626.4966,1167.1442,1
1352,1517.9012,1292.1064,1
1353,1626.9671,1168.8709,1
1353,1513.5748,1290.4222,1
1354,1628.3867,1172.037,1
1354,1509.7568,1289.8994,1
1355,1629.6711,1175.1743,1
1355,1506.3362,1288.9934,1
1356,1631.1556,1177.5516,1
1356,1505.9198,1290.0818,1
1357,1632.5021,1180.2694,1
1357,1504.3515,1295.5705,1
1358,1633.1565,1182.2104,1
1358,1506.704,1304.6631,1
1359,1515.227,1312.8483,1
1359,1634.2462,1184.6546,1
1360,1526.0213,1319.1533,1
1360,1633.9326,1186.8646,1
1361,1534.8093,1324.4596,1
1361,1635.7415,1189.5535,1
1362,1636.6366,1191.8609,1
1362,1541.2503,1326.1757,1
1363,1637.0827,1193.1954,1
1363,1551.1793,1324.7803,1
1364,1637.9156,1195.1927,1
1364,1558.8425,1323.6221,1
1365,1639.1837,1197.9029,1
1365,1563.3663,1323.5689,1
1366,1639.9679,1200.3425,1
1366,1566.6462,1325.7759,1
1367,1639.2459,1202.1574,1
1367,1570.6022,1328.445,1
1368,1631.4232,1207.1992,1
1368,1574.3364,1331.2981,1
1369,1576.9539,1332.5171,1
1369,1621.9971,1212.311,1
1370,1619.8501,1216.5867,1
1370,1580.8206,1331.3634,1
1371,1618.2034,1220.1694,1
1371,1584.8658,1328.287,1
1372,1615.5562,1226.3117,1
1372,1586.7991,1323.9291,1
1373,1591.761,1318.5924,1
1373,1613.3389,1232.2017,1
1374,1594.1756,1315.5174,1
1374,1613.0766,1236.631,1
1375,1598.6183,1314.5386,1
1375,1612.2357,1241.0162,1
1376,1611.0026,1245.7236,1
1376,1602.0389,1314.2194,1
1377,1609.9886,1249.8018,1
1377,1606.203,1313.7421,1
1378,1608.8178,1253.9194,1
1378,1609.629,1314.3379,1
1379,1613.7256,1314.9049,1
1379,1607.0521,1257.7483,1
1380,1617.8275,1314.6389,1
1380,1607.1657,1261.033,1
1381,1620.345,1314.189,1
1381,1606.3247,1265.4608,1
1382,1624.4334,1314.683,1
1382,1606.1273,1268.7516,1
1383,1628.8923,1315.0295,1
1383,1603.9587,1274.2494,1
1384,1632.6617,1315.3457,1
1384,1603.3071,1277.8169,1
1385,1635.7172,1315.747,1
1385,1601.9064,1280.8234,1
1386,1641.8607,1317.2259,1
1386,1599.8405,1284.5459,1
1387,1597.1771,1287.6771,1
1387,1645.7842,1317.3992,1
1388,1595.8197,1291.1959,1
1388,1648.4287,1316.5738,1
1389,1593.2779,1294.3195,1
1389,1649.6293,1316.7973,1
1390,1651.7627,1317.042,1
1390,1591.688,1297.1938,1
1391,1654.4045,1318.3477,1
1391,1590.9308,1300.9634,1
1392,1655.551,1318.6927,1
1392,1589.9033,1303.669,1
1393,1658.3767,1318.255,1
1393,1587.8402,1304.2086,1
1394,1661.7053,1318.8797,1
1394,1586.2475,1309.1806,1
1395,1586.4287,1312.1172,1
1395,1665.2503,1319.7917,1
1396,1586.4828,1315.221,1
1396,1667.3216,1320.6642,1
1397,1586.4449,1317.0329,1
1397,1669.9877,1320.538,1
1398,1586.0664,1318.8356,1
1398,1672.524,1321.7236,1
1399,1591.6258,1322.8058,1
1399,1673.2379,1325.9857,1
1400,1595.6439,1324.8183,1
1400,1672.2158,1331.4881,1
1401,1673.6002,1338.4603,1
1401,1597.8991,1328.0833,1
1402,1675.5958,1343.7408,1
1402,1599.2592,1332.2694,1
1403,1679.1326,1343.8457,1
1403,1600.4787,1334.218,1
1404,1685.1625,1343.1723,1
1404,1601.325,1336.9327,1
1405,1601.59,1340.3512,1
1405,1690.5516,1343.0872,1
1406,1602.1957,1342.8349,1
1406,1695.1565,1344.9325,1
1407,1602.7771,1345.2562,1
1407,1700.2319,1347.255,1
1408,1603.2584,1347.2003,1
1408,1707.0839,1350.1202,1
1409,1604.1777,1350.0184,1
1409,1710.9506,1352.2346,1
1410,1716.6263,1352.838,1
1410,1603.9695,1352.005,1
1411,1723.2132,1352.955,1
1411,1604.0263,1355.84,1
1412,1605.0322,1357.9072,1
1412,1729.0241,1352.9307,1
1413,1605.3756,1359.1414,1
1413,1732.7719,1354.4097,1
1414,1735.6787,1356.5042,1
1414,1605.7055,1360.286,1
1415,1739.4291,1359.0654,1
1415,1606.3788,1360.0641,1
1416,1744.4369,1359.8178,1
1416,1607.7362,1360.4578,1
1417,1608.0201,1360.1006,1
1417,1751.5512,1360.058,1
1418,1608.3122,1359.5214,1
1418,1756.2588,1360.6295,1
1419,1608.9422,1359.3147,1
1419,1763.9544,1362.2377,1
1420,1609.6371,1359.5853,1
1420,1769.8491,1364.3368,1
1421,1609.821,1359.6081,1
1421,1774.5379,1367.2795,1
1422,1609.9048,1360.1249,1
1422,1777.6907,1368.1368,1
1423,1609.8561,1360.5079,1
1423,1781.6223,1370.4594,1
1424,1610.1482,1361.233,1
1424,1786.2948,1371.7924,1
1425,1610.3239,1361.1326,1
1425,1791.592,1370.2922,1
1426,1610.2428,1360.9502,1
1426,1798.5494,1361.9246,1
1427,1610.1833,1360.894,1
1427,1805.8718,1353.1739,1
1428,1610.3537,1360.9426,1
1428,1811.726,1342.6327,1
1429,1610.159,1360.9001,1
1429,1814.576,1334.4658,1
1430,1610.0508,1360.9533,1
1430,1819.8812,1328.781,1
1431,1610.1265,1361.0217,1
1431,1825.3568,1322.5824,1
1432,1609.9075,1361.2102,1
1432,1829.9807,1316.4325,1
1433,1609.8886,1361.4898,1
1433,1836.4189,1311.7737,1
1434,1609.821,1361.6403,1
1434,1839.469,1307.8399,1
1435,1609.8886,1361.8486,1
1435,1847.6973,1304.1646,1
1436,1609.7426,1361.6768,1
1436,1853.0025,1298.6728,1
1437,1610.8485,1360.7922,1
1437,1857.7426,1296.0934,1
1438,1619.5148,1358.6353,1
1438,1862.956,1290.4678,1
1439,1867.5176,1287.6148,1
1439,1625.78,1356.597,1
1440,1873.0419,1290.2824,1
1440,1629.7954,1357.2946,1
1441,1634.7789,1358.8998,1
1441,1879.3557,1299.0178,1
1442,1639.5163,1360.0565,1
1442,1880.5617,1313.8014,1
1443,1643.4236,1361.657,1
1443,1877.6549,1327.571,1
1444,1872.7498,1337.4738,1
1444,1646.3223,1362.4581,1
1445,1869.0156,1347.6761,1
1445,1648.6937,1362.7302,1
1446,1650.9245,1364.3885,1
1446,1866.8849,1354.966,1
1447,1653.5528,1364.5982,1
1447,1865.4788,1361.3363,1
1448,1655.6376,1366.6138,1
1448,1864.9894,1367.9711,1
1449,1658.4308,1368.2766,1
1449,1864.4296,1374.9023,1
1450,1661.7053,1369.6249,1
1450,1865.2246,1379.9229,1
1451,1664.9123,1367.3206,1
1451,1868.1503,1381.5736,1
1452,1875.2213,1382.1314,1
1452,1670.1337,1356.4951,1
1453,1881.0755,1383.4827,1
1453,1678.6973,1351.5399,1
1454,1685.295,1347.027,1
1454,1886.862,1385.293,1
1455,1890.9667,1386.3282,1
1455,1691.0113,1341.7709,1
1456,1694.5562,1338.971,1
1456,1894.7334,1386.2658,1
1457,1697.7416,1336.4798,1
1457,1897.9944,1386.2795,1
1458,1702.8467,1334.4627,1
1458,1900.5875,1387.5442,1
1459,1709.3633,1332.2952,1
1459,1902.045,1388.0062,1
1460,1902.2478,1388.099,1
1460,1712.7109,1331.3406,1
1461,1902.2045,1387.8831,1
1461,1718.1243,1329.4756,1
1462,1722.2722,1328.3782,1
1462,1902.0585,1387.8086,1
1463,1729.3567,1326.8232,1
1463,1899.3166,1387.7889,1
1464,1890.2096,1390.2042,1
1464,1733.6615,1324.5949,1
1465,1883.9687,1392.2425,1
1465,1735.3272,1322.3605,1
1466,1740.7324,1321.4986,1
1466,1878.0416,1391.9704,1
1467,1743.8691,1320.2006,1
1467,1873.0987,1392.4355,1
1468,1747.8602,1318.4906,1
1468,1868.683,1394.1668,1
1469,1865.5058,1393.4129,1
1469,1750.9806,1317.6698,1
1470,1754.8771,1316.7152,1
1470,1863.878,1394.8508,1
1471,1757.5405,1315.1922,1
1471,1862.6558,1395.813,1
1472,1758.8844,1313.8196,1
1472,1861.5634,1393.5862,1
1473,1762.5105,1313.277,1
1473,1860.425,1391.6649,1
1474,1765.8391,1311.9986,1
1474,1859.4164,1391.37,1
1475,1769.2678,1311.1216,1
1475,1857.5966,1392.089,1
1476,1855.2955,1390.683,1
1476,1772.2232,1309.4192,1
1477,1849.4089,1386.2719,1
1477,1776.8741,1308.2777,1
1478,1842.2298,1382.5358,1
1478,1780.0324,1308.1515,1
1479,1837.4653,1379.6341,1
1479,1781.7602,1307.235,1
1480,1833.1633,1376.471,1
1480,1784.2155,1305.2894,1
1481,1829.3128,1373.8885,1
1481,1785.4188,1305.0887,1
1482,1827.0658,1371.3486,1
1482,1789.1232,1304.7072,1
1483,1821.966,1370.7345,1
1483,1791.592,1304.7847,1
1484,1794.5988,1304.1737,1
1484,1818.7645,1370.6995,1
1485,1795.7507,1303.0945,1
1485,1815.7793,1372.6314,1
1486,1813.6999,1372.411,1
1486,1799.9311,1302.7935,1
1487,1803.9033,1302.9045,1
1487,1811.8855,1374.1499,1
1488,1807.5267,1302.2266,1
1488,1811.58,1376.2688,1
1489,1812.7616,1304.0171,1
1489,1814.3245,1381.3638,1
1490,1813.3727,1312.9836,1
1490,1818.4968,1386.4513,1
1491,1819.9299,1387.1642,1
1491,1811.68,1327.229,1
1492,1807.1048,1336.0982,1
1492,1825.8625,1387.2128,1
1493,1804.893,1341.663,1
1493,1830.5431,1390.6906,1
1494,1832.3629,1391.6512,1
1494,1803.084,1345.7518,1
1495,1829.9888,1390.7833,1
1495,1802.4107,1350.3376,1
1496,1823.6668,1389.7086,1
1496,1801.8293,1352.6054,1
1497,1800.3016,1355.9297,1
1497,1817.9965,1392.8262,1
1498,1801.8158,1359.0077,1
1498,1809.1599,1395.9771,1
1499,1801.5941,1361.2892,1
1499,1800.1042,1392.849,1
1500,1787.1953,1388.5124,1
1500,1805.5149,1359.0366,1
1501,1778.3938,1389.1842,1
1501,1807.7619,1357.0256,1
1502,1807.7295,1358.1732,1
1502,1773.9186,1389.3894,1
1503,1768.3403,1380.7802,1
1503,1806.5478,1361.4838,1
1504,1762.7484,1372.2697,1
1504,1797.8761,1365.6638,1
1505,1759.1007,1365.2701,1
1506,1750.9914,1358.4559,1
1506,1754.1876,1328.059,1
1507,1744.9209,1356.41,1
1507,1742.0304,1308.2047,1
1508,1733.913,1296.1815,1
1508,1738.5044,1354.4158,1
1509,1722.4318,1284.6842,1
1509,1730.9115,1352.5522,1
1510,1711.267,1280.068,1
1510,1723.9352,1351.5354,1
1511,1699.5154,1274.3102,1
1511,1716.0233,1350.6811,1
1512,1707.1163,1349.1961,1
1512,1691.4899,1271.0696,1
1513,1676.8126,1269.2228,1
1513,1701.2892,1347.6806,1
1514,1668.2842,1264.5275,1
1514,1696.568,1347.749,1
1515,1658.7282,1262.0879,1
1515,1691.6846,1347.3478,1
1516,1686.3658,1347.7126,1
1516,1650.4973,1259.5906,1
1517,1679.0218,1347.5834,1
1517,1643.621,1257.9946,1
1518,1635.1737,1256.9731,1
1518,1673.5678,1347.4694,1
1519,1626.2559,1254.9394,1
1519,1668.0381,1347.2034,1
1520,1618.5901,1252.0985,1
1520,1662.722,1346.5771,1
1521,1610.616,1249.2758,1
1521,1657.5736,1346.2245,1
1522,1653.7718,1345.4888,1
1522,1604.2291,1247.5248,1
1523,1597.1392,1245.8741,1
1523,1650.6027,1345.197,1
1524,1590.0196,1242.5453,1
1524,1645.6787,1346.2397,1
1525,1584.3682,1240.5678,1
1525,1643.0937,1346.1029,1
1526,1578.8872,1238.4914,1
1526,1638.3671,1345.957,1
1527,1633.6622,1345.6697,1
1527,1572.084,1236.976,1
1528,1629.6089,1345.3839,1
1528,1564.4479,1234.4406,1
1529,1624.7525,1345.0434,1
1529,1561.7547,1233.6913,1
1530,1622.546,1345.6043,1
1530,1555.3029,1233.3341,1
1531,1617.2408,1345.1498,1
1531,1550.0599,1231.7244,1
1532,1544.2517,1228.771,1
1532,1613.1794,1345.0602,1
1533,1539.6819,1226.2387,1
1533,1611.4785,1345.279,1
1534,1532.5812,1223.9678,1
1534,1608.6366,1344.8686,1
1535,1528.0439,1222.6865,1
1535,1606.9764,1345.545,1
1536,1524.7856,1222.4494,1
1536,1602.8555,1346.2473,1
1537,1600.6896,1345.9676,1
1537,1519.1342,1226.3801,1
1538,1513.3477,1227.3574,1
1538,1597.5584,1345.9433,1
1539,1509.2782,1226.567,1
1539,1593.5348,1346.2306,1
1540,1591.7123,1346.7018,1
1540,1505.0653,1226.1658,1
1541,1588.646,1346.3233,1
1541,1500.8795,1224.322,1
1542,1495.8258,1222.9601,1
1542,1586.4503,1346.8644,1
1543,1491.0208,1222.2168,1
1543,1583.0162,1346.6987,1
1544,1486.7836,1220.639,1
1544,1580.342,1347.3204,1
1545,1576.7916,1346.9237,1
1545,1483.9795,1218.9868,1
1546,1574.0552,1347.1593,1
1546,1480.5725,1217.6036,1
1547,1571.6081,1346.7124,1
1547,1473.7557,1216.5168,1
1548,1569.3719,1347.2094,1
1548,1469.7619,1214.439,1
1549,1567.7062,1346.6683,1
1549,1466.0142,1214.3508,1
1550,1566.338,1348.1382,1
1550,1461.7689,1213.1895,1
1551,1457.6561,1212.3079,1
1551,1564.4425,1352.5598,1
1552,1564.218,1355.1788,1
1552,1453.7245,1210.8138,1
1553,1449.4468,1210.3882,1
1553,1561.5789,1352.4884,1
1554,1554.9379,1349.003,1
1554,1444.7796,1210.1997,1
1555,1550.2843,1346.1834,1
1555,1442.0135,1209.6251,1
1556,1544.6465,1343.639,1
1556,1439.5555,1207.643,1
1557,1538.9762,1340.0274,1
1557,1437.779,1205.9042,1
1558,1534.4362,1338.0742,1
1558,1433.8798,1208.2662,1
1559,1530.875,1337.2094,1
1559,1431.96,1207.6324,1
1560,1527.2868,1336.5238,1
1560,1425.1053,1207.9744,1
1561,1523.5201,1335.811,1
1561,1420.8195,1209.8136,1
1562,1419.3296,1218.2511,1
1562,1517.4578,1336.7914,1
1563,1416.074,1225.4681,1
1563,1513.3909,1335.9265,1
1564,1413.6377,1231.6271,1
1564,1508.9645,1336.2852,1
1565,1505.3979,1336.6561,1
1565,1410.0873,1236.3878,1
1566,1408.5352,1239.785,1
1566,1501.35,1336.0222,1
1567,1405.4229,1242.7429,1
1567,1497.6266,1336.2639,1
1568,1401.6914,1246.1553,1
1568,1495.3958,1336.5086,1
1569,1491.8563,1336.5071,1
1569,1398.0194,1248.8761,1
1570,1488.5817,1336.0526,1
1570,1395.4965,1251.641,1
1571,1486.2833,1336.311,1
1571,1392.1057,1255.1932,1
1572,1483.6253,1335.8687,1
1572,1390.0236,1256.9245,1
1573,1480.8591,1336.4296,1
1573,1384.256,1260.1089,1
1574,1381.5304,1261.9967,1
1574,1476.6247,1336.8218,1
1575,1378.7804,1264.903,1
1575,1474.2803,1337.2534,1
1576,1375.952,1266.9306,1
1576,1472.1009,1337.2808,1
1577,1373.2048,1269.3338,1
1577,1471.2464,1341.3848,1
1578,1370.1844,1271.1912,1
1578,1471.5628,1348.4726,1
1579,1368.2808,1273.2599,1
1579,1474.0667,1352.8471,1
1580,1363.8111,1275.4487,1
1580,1476.2245,1352.268,1
1581,1361.3991,1278.8049,1
1581,1478.796,1352.42,1
1582,1358.9844,1280.0057,1
1582,1479.3773,1350.9228,1
1583,1479.4179,1350.3984,1
1583,1357.5838,1283.225,1
1584,1479.5369,1350.1826,1
1584,1353.7197,1281.667,1
1585,1346.8462,1275.1614,1
1585,1479.5855,1349.4393,1
1586,1337.1415,1275.0596,1
1586,1479.0934,1349.2219,1
1587,1327.1475,1280.0665,1
1587,1478.0199,1350.1385,1
1588,1318.0134,1286.2407,1
1588,1477.1871,1350.6781,1
1589,1475.9487,1350.7237,1
1589,1311.3832,1291.965,1
1590,1302.0463,1298.8476,1
1590,1473.8179,1351.0535,1
1591,1471.3302,1350.9851,1
1591,1293.6612,1304.3926,1
1592,1284.5271,1308.2807,1
1592,1467.6312,1351.8287,1
1593,1277.9456,1313.2694,1
1593,1465.2111,1352.2011,1
1594,1271.894,1318.4632,1
1594,1461.8392,1354.5647,1
1595,1266.0966,1324.1206,1
1595,1460.8982,1354.9326,1
1596,1260.1127,1328.4694,1
1596,1460.4764,1355.1408,1
1597,1253.2499,1332.9306,1
1597,1460.1708,1355.2609,1
1598,1248.2529,1337.6958,1
1598,1457.6236,1354.5784,1
1599,1243.6886,1341.932,1
1599,1455.0116,1351.8242,1
1600,1240.0571,1346.4373,1
1600,1451.107,1352.0932,1
1601,1240.2707,1355.0906,1
1601,1449.4954,1352.0962,1
1602,1245.603,1362.9414,1
1602,1448.0731,1354.2972,1
1603,1249.1831,1369.0382,1
1603,1447.627,1355.2761,1
1604,1253.039,1374.2001,1
1604,1446.5237,1355.4615,1
1605,1258.328,1372.6953,1
1605,1444.2578,1355.3931,1
1606,1268.1571,1368.7509,1
1606,1441.0184,1354.2911,1
1607,1274.3871,1365.1181,1
1607,1438.8768,1352.458,1
1608,1279.4517,1362.9642,1
1608,1437.8466,1352.2209,1
1609,1284.7542,1359.982,1
1609,1437.2084,1352.651,1
1610,1288.8535,1358.921,1
1610,1435.102,1355.001,1
1611,1292.3849,1359.3208,1
1611,1434.4044,1355.457,1
1612,1296.3219,1359.0974,1
1612,1434.1556,1356.2337,1
1613,1300.0048,1358.2446,1
1613,1434.0745,1356.7474,1
1614,1303.0414,1357.5576,1
1614,1432.5305,1355.2806,1
1615,1306.8513,1357.8342,1
1615,1430.6188,1352.8198,1
1616,1426.4492,1352.3394,1
1616,1308.3574,1358.0318,1
1617,1311.1209,1357.4345,1
1617,1422.88,1352.4352,1
1618,1312.3621,1358.0303,1
1618,1420.3139,1352.3744,1
1619,1314.217,1358.1565,1
1619,1416.6094,1352.3683,1
1620,1316.9724,1359.0518,1
1620,1411.8152,1354.2258,1
1621,1318.2108,1359.9075,1
1621,1408.9381,1354.665,1
1622,1320.1685,1360.1644,1
1622,1407.0588,1354.9721,1
1623,1322.0532,1360.2936,1
1623,1403.5734,1356.0178,1
1624,1323.3565,1360.5034,1
1624,1402.3296,1357.705,1
1625,1401.9916,1359.1916,1
1625,1324.549,1360.2602,1
1626,1402.3106,1359.8087,1
1626,1327.2178,1360.4167,1
1627,1404.1142,1360.8043,1
1627,1329.2269,1360.973,1
1628,1331.1251,1360.8925,1
1628,1410.7525,1360.099,1
1629,1332.3852,1361.0369,1
1629,1422.7799,1360.7116,1
1630,1333.3045,1361.7391,1
1630,1433.823,1360.5201,1
1631,1441.159,1361.5917,1
1631,1334.6674,1362.148,1
1632,1445.3259,1364.1863,1
1632,1336.4682,1362.6846,1
1633,1450.0957,1367.4862,1
1633,1337.6201,1363.0418,1
1634,1452.194,1367.5607,1
1634,1339.3291,1364.4964,1
1635,1454.5411,1366.6913,1
1635,1340.2728,1365.0071,1
1636,1454.6655,1367.7857,1
1636,1341.065,1364.9919,1
1637,1454.9602,1370.0824,1
1637,1343.1092,1365.6242,1
1638,1344.7154,1366.1578,1
1638,1457.3073,1370.2207,1
1639,1462.7802,1366.445,1
1639,1346.0025,1366.6016,1
1640,1469.4401,1360.5778,1
1640,1347.3951,1366.8722,1
1641,1349.3095,1366.901,1
1641,1476.941,1354.7122,1
1642,1481.7731,1346.571,1
1642,1350.091,1367.62,1
1643,1487.3514,1341.5338,1
1643,1350.3262,1367.9681,1
1644,1491.6616,1337.6608,1
1644,1350.6615,1368.5092,1
1645,1497.7348,1334.9613,1
1645,1352.3921,1368.2204,1
1646,1501.3906,1332.1721,1
1646,1353.1411,1368.5274,1
1647,1353.7928,1368.9485,1
1647,1507.9018,1331.1111,1
1648,1354.2578,1370.1736,1
1648,1514.8349,1329.3753,1
1649,1355.3584,1371.2513,1
1649,1519.9536,1328.1274,1
1650,1356.1101,1371.1434,1
1650,1523.2335,1326.1544,1
1651,1528.5117,1325.7516,1
1651,1357.6162,1371.0354,1
1652,1358.4761,1371.0734,1
1652,1532.7543,1325.1299,1
1653,1359.0601,1372.0645,1
1653,1537.6485,1324.4307,1
1654,1359.7551,1372.3867,1
1654,1541.2178,1324.1434,1
1655,1360.4121,1372.291,1
1655,1545.9741,1322.9654,1
1656,1367.1613,1365.1044,1
1656,1550.8657,1324.4596,1
1657,1370.8361,1361.657,1
1657,1557.2309,1329.1397,1
1658,1374.9705,1362.4201,1
1658,1556.9659,1335.9842,1
1659,1380.5596,1362.9977,1
1659,1557.7392,1343.0294,1
1660,1384.4047,1362.3988,1
1660,1560.2404,1348.6945,1
1661,1389.9885,1362.2772,1
1661,1562.3063,1352.4154,1
1662,1566.2704,1355.3065,1
1662,1395.3884,1361.9793,1
1663,1571.9974,1357.2293,1
1663,1397.4029,1362.9688,1
1664,1401.5968,1363.9705,1
1664,1579.2279,1358.7569,1
1665,1404.2196,1363.8489,1
1665,1585.6418,1360.6812,1
1666,1407.7105,1363.5464,1
1666,1595.314,1362.7074,1
1667,1412.0126,1365.5026,1
1667,1602.842,1367.1169,1
1668,1416.1145,1366.0498,1
1668,1604.6212,1373.4477,1
1669,1420.3977,1365.5893,1
1669,1603.7965,1379.3438,1
1670,1424.2157,1366.2018,1
1670,1603.7018,1381.6405,1
1671,1427.42,1365.6774,1
1671,1606.1219,1381.5751,1
1672,1432.663,1365.0968,1
1672,1603.0691,1381.6192,1
1673,1434.9804,1366.5788,1
1673,1595.3762,1379.628,1
1674,1437.925,1365.5802,1
1674,1583.7193,1379.7055,1
1675,1439.834,1365.7215,1
1675,1576.359,1378.3679,1
1676,1442.9409,1365.6014,1
1676,1570.1966,1378.637,1
1677,1445.6314,1365.8173,1
1677,1566.6706,1378.8817,1
1678,1448.111,1366.7095,1
1678,1564.218,1378.7707,1
1679,1451.4666,1366.0802,1
1679,1560.427,1378.8376,1
1680,1454.7574,1367.351,1
1680,1558.7776,1376.55,1
1681,1457.9346,1366.9299,1
1681,1555.7248,1376.2536,1
1682,1460.3249,1367.4118,1
1682,1554.1997,1375.7961,1
1683,1463.4156,1366.7171,1
1683,1553.4859,1376.3372,1
1684,1466.555,1367.4817,1
1684,1551.5471,1375.9511,1
1685,1468.9859,1367.1138,1
1685,1546.0201,1372.9582,1
1686,1538.3083,1366.8129,1
1686,1473.3014,1367.6154,1
1687,1534.1468,1363.6513,1
1687,1476.5652,1367.9666,1
1688,1530.0341,1361.9793,1
1688,1477.4169,1368.1429,1
1689,1527.641,1361.2573,1
1689,1479.6531,1366.749,1
1690,1526.0754,1362.0918,1
1690,1480.3372,1366.3462,1
1691,1482.1381,1366.2429,1
1691,1524.4746,1361.9975,1
1692,1485.8264,1365.4449,1
1692,1522.8333,1361.9975,1
1693,1489.9959,1366.5074,1
1694,1494.4062,1367.0181,1
1695,1496.3747,1367.3631,1
1696,1503.0427,1369.5762,1
1697,1508.4643,1370.0976,1
1698,1507.8667,1370.1934,1
1699,1508.4967,1368.5214,1
1700,1502.0963,1365.9845,1
1701,1499.7087,1367.0728,1
1702,1502.7453,1368.7478,1
1703,1501.9206,1369.8544,1
1704,1501.8962,1371.8395,1
1705,1503.1076,1373.0449,1
1706,1499.8115,1369.4987,1
1706,1509.3863,1379.4167,1
1706,1470.5109,1362.9521,1
1707,1498.3351,1368.7342,1
1707,1513.5261,1379.856,1
1708,1487.5056,1363.1299,1
1708,1522.3547,1378.1171,1
1708,1469.1562,1361.9139,1
1709,1483.555,1360.4821,1
1709,1466.6848,1361.3971,1
1709,1524.2854,1376.8342,1
1710,1528.6631,1376.5789,1
1710,1468.2558,1360.5976,1
1711,1464.0835,1358.4894,1
1711,1533.9522,1376.6549,1
1712,1461.3525,1356.9177,1
1712,1538.4219,1376.5743,1
1713,1457.7994,1356.3158,1
1713,1542.3292,1376.9133,1
1714,1548.0589,1376.8312,1
1714,1456.3771,1355.8522,1
1715,1453.0214,1355.7518,1
1715,1551.3551,1377.4362,1
1716,1554.508,1378.0001,1
1716,1450.8772,1355.0177,1
1717,1442.7003,1350.6994,1
1717,1559.578,1378.1384,1
1718,1440.8886,1348.6595,1
1718,1564.2316,1377.997,1
1719,1567.2925,1378.3527,1
1719,1437.1571,1347.6107,1
1720,1570.1939,1378.751,1
1720,1433.1741,1348.9392,1
1721,1572.1462,1378.5746,1
1721,1430.0645,1350.4972,1
1722,1577.1594,1379.2085,1
1722,1423.2531,1351.9579,1
1723,1578.7899,1379.1933,1
1723,1421.8741,1352.6313,1
1724,1582.7918,1379.1401,1
1724,1418.7347,1354.3854,1
1725,1584.9793,1379.3544,1
1725,1414.9843,1354.8642,1
1726,1587.8294,1378.9759,1
1726,1411.269,1352.4945,1
1727,1406.1963,1350.6781,1
1727,1590.728,1379.2191,1
1728,1402.3593,1350.5519,1
1728,1594.4379,1379.1826,1
1729,1598.4317,1379.286,1
1729,1399.7283,1351.9169,1
1730,1602.0767,1378.9835,1
1730,1397.2001,1354.4431,1
1731,1396.662,1352.3318,1
1731,1603.6721,1379.2176,1
1732,1606.3545,1378.5594,1
1732,1394.8584,1352.3607,1
1733,1607.985,1378.7373,1
1733,1392.4978,1354.4568,1
1734,1610.2861,1378.5853,1
1734,1392.7871,1352.3334,1
1735,1612.4601,1378.5929,1
1735,1392.1057,1352.2026,1
1736,1614.3123,1378.415,1
1736,1391.2161,1352.2984,1
1737,1616.4512,1378.3892,1
1737,1390.0777,1352.5766,1
1738,1389.034,1352.5538,1
1738,1619.2417,1378.2281,1
1739,1387.1872,1351.9625,1
1739,1621.6023,1378.4652,1
1740,1385.1537,1352.2102,1
1740,1623.3951,1378.6066,1
1741,1383.3204,1352.6571,1
1741,1625.5772,1378.3983,1
1742,1381.5169,1352.5994,1
1742,1626.5588,1378.2311,1
1743,1627.6458,1378.4819,1
1743,1379.7998,1352.4884,1
1744,1625.6962,1382.7242,1
1744,1378.5344,1352.3303,1
1745,1626.145,1383.6271,1
1745,1377.2148,1351.9199,1
1746,1629.6359,1379.8575,1
1746,1376.144,1351.4746,1
1747,1374.0565,1351.8424,1
1747,1636.5122,1376.8616,1
1748,1642.6232,1374.4357,1
1748,1372.5883,1351.7026,1
1749,1372.1151,1351.5126,1
1749,1648.6964,1370.7208,1
1750,1652.5199,1368.8299,1
1750,1371.5607,1351.7208,1
1751,1655.1914,1368.2098,1
1751,1370.5197,1348.848,1
1752,1658.0739,1367.8738,1
1752,1363.419,1345.7411,1
1753,1357.3972,1343.1951,1
1753,1664.1849,1368.1231,1
1754,1669.3496,1367.3859,1
1754,1353.0005,1341.4654,1
1755,1671.7128,1366.9801,1
1755,1349.7773,1343.3593,1
1756,1345.1345,1344.171,1
1756,1675.6526,1367.0226,1
1757,1341.2624,1346.0968,1
1757,1679.4111,1366.898,1
1758,1683.2724,1367.4209,1
1758,1339.0992,1347.2778,1
1759,1335.0973,1347.9269,1
1759,1687.4015,1368.1383,1
1760,1330.4843,1346.7626,1
1760,1690.8031,1366.7673,1
1761,1324.9086,1343.7074,1
1761,1691.7576,1366.9451,1
1762,1318.3325,1343.4626,1
1762,1694.7807,1367.3646,1
1763,1314.5009,1345.0039,1
1763,1696.7303,1368.6126,1
1764,1698.7177,1368.9348,1
1764,1311.5563,1344.6969,1
1765,1701.6326,1369.5808,1
1765,1307.3029,1343.7712,1
1766,1705.8995,1369.4242,1
1766,1301.0026,1340.865,1
1767,1295.9244,1338.7491,1
1767,1708.3764,1369.9486,1
1768,1711.1345,1370.4426,1
1768,1293.1096,1339.199,1
1769,1712.2701,1371.3379,1
1769,1288.7507,1339.579,1
1770,1715.5258,1371.8061,1
1770,1283.8511,1340.1202,1
1771,1277.3507,1336.2639,1
1771,1717.8701,1373.0525,1
1772,1720.5498,1373.5875,1
1772,1270.6123,1331.5474,1
1773,1721.8558,1373.3018,1
1773,1262.7545,1330.6171,1
1774,1723.3187,1374.197,1
1774,1258.4064,1328.5378,1
1775,1727.207,1374.4782,1
1775,1253.5717,1328.3584,1
1776,1729.1242,1374.7245,1
1776,1247.3525,1328.6411,1
1777,1730.103,1372.0462,1
1777,1241.7309,1330.2675,1
1778,1237.7127,1330.7737,1
1778,1728.4265,1356.0589,1
1779,1232.6995,1331.6294,1
1779,1724.8437,1335.2607,1
1780,1720.1577,1316.6559,1
1780,1228.2514,1331.3315,1
1781,1720.8013,1300.6154,1
1781,1225.6096,1328.9193,1
1782,1720.8472,1285.043,1
1782,1222.8651,1329.1549,1
1783,1724.814,1268.823,1
1783,1217.6058,1328.8448,1
1784,1214.0176,1327.6729,1
1784,1728.8997,1257.1966,1
1785,1727.6775,1243.55,1
1785,1210.7647,1327.5832,1
1786,1208.907,1326.8293,1
1786,1731.7444,1232.2914,1
1787,1205.719,1326.0039,1
1787,1733.9454,1220.9841,1
1788,1202.8825,1325.0539,1
1788,1734.2699,1209.5552,1
1789,1736.8711,1199.7102,1
1789,1200.9897,1324.7849,1
1790,1197.7179,1323.955,1
1790,1737.9176,1189.9426,1
1791,1740.5026,1180.888,1
1791,1195.049,1323.5278,1
1792,1741.9168,1172.1191,1
1792,1191.9881,1322.6903,1
1793,1190.7659,1322.2313,1
1793,1742.5414,1164.7182,1
1794,1745.962,1154.785,1
1794,1189.4004,1321.0457,1
1795,1747.4708,1146.4554,1
1795,1186.6991,1320.994,1
1796,1186.0853,1320.0273,1
1796,1749.6773,1138.3432,1
1797,1752.768,1131.4667,1
1797,1183.9518,1318.9131,1
1798,1753.9415,1125.373,1
1798,1182.1509,1320.5198,1
1799,1181.621,1320.0592,1
1799,1753.9685,1117.3186,1
1800,1756.1398,1110.3494,1
1800,1180.2798,1319.965,1
